,Compound,Date,Negative,Neutral,Positive,Text,Tweets Ago,User
0,0.0,Mon Mar 12 01:01:22 +0000 2018,1.0,0.0,0.0,Parliament marriage proposal MP weds in Australia https://t.co/yWwqgnI6gP,1,BBCWorld
1,0.0,Mon Mar 12 00:39:38 +0000 2018,1.0,0.0,0.0,How slime turned around the fate of a glue factory https://t.co/KJ3rRKJ6Z7,2,BBCWorld
2,0.0,Mon Mar 12 00:17:08 +0000 2018,1.0,0.0,0.0,Helicopter crashes in New York City's East River https://t.co/vNZjYhT7xK,3,BBCWorld
3,0.0,Sun Mar 11 21:48:23 +0000 2018,1.0,0.0,0.0,Putin ordered plane to be downed in 2014 https://t.co/Nm2mWaSboe,4,BBCWorld
4,0.0,Sun Mar 11 21:04:29 +0000 2018,1.0,0.0,0.0,Martin Selmayr: The man at the heart of a Brussels saga https://t.co/77exuTT1bG,5,BBCWorld
5,0.0,Sun Mar 11 19:43:26 +0000 2018,1.0,0.0,0.0,"Trump-North Korea meeting: US 'knows the risks', says spy chief https://t.co/dcaLR1BTYX",6,BBCWorld
6,-0.7579,Sun Mar 11 17:47:47 +0000 2018,0.552,0.448,0.0,Missing Spanish boy Gabriel Cruz found dead in car https://t.co/4npjZ7xzGH,7,BBCWorld
7,-0.6249,Sun Mar 11 17:47:47 +0000 2018,0.579,0.421,0.0,Iran plane crash: Turkish private jet 'catches fire' https://t.co/UZy9IWrhze,8,BBCWorld
8,0.4019,Sun Mar 11 16:14:07 +0000 2018,0.803,0.0,0.197,'National Rally': Le Pen proposes new party name for National Front https://t.co/cqhyFGPjkU,9,BBCWorld
9,0.0,Sun Mar 11 15:47:13 +0000 2018,1.0,0.0,0.0,Black Panther film: 'Game-changing' movie takes $1bn https://t.co/kxPfHLDMg6,10,BBCWorld
10,-0.1027,Sun Mar 11 15:17:25 +0000 2018,0.851,0.149,0.0,Eastern Ghouta: Mattis warns Syria over 'weaponised gas' https://t.co/lfjAobGBit,11,BBCWorld
11,-0.4939,Sun Mar 11 13:58:05 +0000 2018,0.856,0.144,0.0,"RT @BBCSteveR: ""Deadly place"": Russian state TV today surmises that Britain poisoned Sergei Skripal. ""Only the British stand to benefit...t‚Ä¶",12,BBCWorld
12,-0.2023,Sun Mar 11 13:49:23 +0000 2018,0.816,0.184,0.0,Colombia election: Former Farc rebels face first ballot https://t.co/BMR5lUOnpO,13,BBCWorld
13,-0.6705,Sun Mar 11 13:17:23 +0000 2018,0.609,0.391,0.0,Rwanda Seventh-Day Adventist churchgoers killed by lightning https://t.co/EycF4eHHye,14,BBCWorld
14,0.0,Sun Mar 11 12:36:47 +0000 2018,1.0,0.0,0.0,Russia 'test-fires hypersonic Kinzhal missile' https://t.co/5WvNVQRcqT,15,BBCWorld
15,0.3612,Sun Mar 11 12:30:36 +0000 2018,0.889,0.0,0.111,"RT @BBCKarishma: ""The packed out rally looked and felt like the start of the presidential campaign....Trump announced that his 2020 re-elec‚Ä¶",16,BBCWorld
16,0.0,Sun Mar 11 11:27:32 +0000 2018,1.0,0.0,0.0,Trump's not so new election slogan https://t.co/sNSQ6ciWtQ,17,BBCWorld
17,0.0,Sun Mar 11 10:53:59 +0000 2018,1.0,0.0,0.0,Climbing Mount Everest while doing 'keepy uppies' https://t.co/j0bjVb3VTT,18,BBCWorld
18,0.0,Sun Mar 11 10:45:56 +0000 2018,1.0,0.0,0.0,RT @BBCBreaking: Up to 500 Salisbury pub-goers and diners told to wash possessions as precaution after nerve agent traces found https://t.c‚Ä¶,19,BBCWorld
19,0.4939,Sun Mar 11 09:38:57 +0000 2018,0.686,0.0,0.314,Frozen music: The festival with ice instruments https://t.co/J5YZEVFJrG,20,BBCWorld
20,-0.2263,Sun Mar 11 09:35:11 +0000 2018,0.808,0.192,0.0,Priya Varrier: The actress whose wink stopped India https://t.co/Q9OGT8oi5w,21,BBCWorld
21,0.6369,Sun Mar 11 09:31:22 +0000 2018,0.656,0.0,0.344,Trump: N Korea talks could bring world's 'greatest deal' https://t.co/f3Vu1oPONN,22,BBCWorld
22,0.4019,Sun Mar 11 08:28:41 +0000 2018,0.876,0.0,0.124,RT @BBCBreaking: China's President Xi Jinping could stay in power for life after parliament approves measure to change constitution https:/‚Ä¶,23,BBCWorld
23,-0.0772,Sun Mar 11 05:31:09 +0000 2018,0.452,0.252,0.297,Bono apologises after One charity hit by bullying allegations https://t.co/wd4ONOuw9B,24,BBCWorld
24,0.0,Sun Mar 11 05:10:01 +0000 2018,1.0,0.0,0.0,China's 'president for life': Congress to vote on abolishing term limits https://t.co/3FNW4eYcqi,25,BBCWorld
25,0.0,Sun Mar 11 01:55:44 +0000 2018,1.0,0.0,0.0,Fukushima's long road to recovery https://t.co/r6TfmupKaB,26,BBCWorld
26,-0.296,Sun Mar 11 01:40:55 +0000 2018,0.761,0.239,0.0,The people trying to stop celebratory shooting https://t.co/ulXPWtGfTT,27,BBCWorld
27,0.0,Sun Mar 11 00:38:48 +0000 2018,1.0,0.0,0.0,Finland's Down's model Maija Mattila makes strides on catwalk https://t.co/D1Qd14cAsh,28,BBCWorld
28,0.0,Sun Mar 11 00:30:11 +0000 2018,1.0,0.0,0.0,The Stormy Daniels-Donald Trump story explained https://t.co/pjG0YgVvU7,29,BBCWorld
29,0.0,Sun Mar 11 00:19:40 +0000 2018,1.0,0.0,0.0,"Five women, five countries, five babies https://t.co/1PTbY4Qhcx",30,BBCWorld
30,0.0,Sat Mar 10 22:55:55 +0000 2018,1.0,0.0,0.0,Miami nightclub shut over horse stunt https://t.co/j4SjWAyDWo,31,BBCWorld
31,0.0,Sat Mar 10 20:45:19 +0000 2018,1.0,0.0,0.0,Bolivia unfurls 'world's biggest flag' in row with Chile https://t.co/mqvxVaN81N,32,BBCWorld
32,-0.2263,Sat Mar 10 19:58:54 +0000 2018,0.853,0.147,0.0,Katy Perry lawsuit: Nun involved in property row 'dies in court' https://t.co/sptWExYHAx,33,BBCWorld
33,0.4019,Sat Mar 10 17:44:55 +0000 2018,0.722,0.0,0.278,Trump tariffs: EU wants clarity on exemption https://t.co/e7gyZ1FKAw,34,BBCWorld
34,-0.3182,Sat Mar 10 17:40:39 +0000 2018,0.647,0.223,0.129,Top US figure skating coach suspended over alleged sexual misconduct https://t.co/kCrmFIq1FB,35,BBCWorld
35,-0.34,Sat Mar 10 16:08:39 +0000 2018,0.769,0.231,0.0,Mount Shinmoedake: Warning over Japan's James Bond volcano https://t.co/2ujbRh7XEC,36,BBCWorld
36,0.0,Sat Mar 10 15:59:55 +0000 2018,1.0,0.0,0.0,Trump's military parade set for Veterans' Day https://t.co/ihiiw4EgGl,37,BBCWorld
37,-0.4767,Sat Mar 10 15:51:39 +0000 2018,0.693,0.307,0.0,Yountville attack: California hostage-taker was former patient https://t.co/bnbanXDflp,38,BBCWorld
38,-0.8074,Sat Mar 10 14:57:34 +0000 2018,0.552,0.448,0.0,"Taliban attacks Afghan soldiers in Farah, killing at least 24 https://t.co/hkDO6OaE9R",39,BBCWorld
39,-0.1027,Sat Mar 10 14:18:14 +0000 2018,0.726,0.153,0.121,"Tillerson in Africa: US diplomat 'feeling unwell', cancels Kenya plans https://t.co/vcN3Ubwy8w",40,BBCWorld
40,0.0,Sat Mar 10 14:18:14 +0000 2018,1.0,0.0,0.0,DR Congo signs new mining law despite companies' opposition https://t.co/y6YqMChnSy,41,BBCWorld
41,0.4404,Sat Mar 10 13:49:39 +0000 2018,0.791,0.0,0.209,"RT @BBC: üôå 1 year ago today the world became a better place.
#BBCdad https://t.co/Q5I70XxT7T",42,BBCWorld
42,0.5859,Sat Mar 10 13:34:48 +0000 2018,0.678,0.0,0.322,Transgender beauty queen's plea for equality after pageant https://t.co/qfqkrwL5eE,43,BBCWorld
43,0.0,Sat Mar 10 13:23:00 +0000 2018,1.0,0.0,0.0,"Eastern Ghouta: Syrian army splits enclave in three, reports say https://t.co/Qo4W0jmVWW",44,BBCWorld
44,0.0,Sat Mar 10 13:23:00 +0000 2018,1.0,0.0,0.0,"Bernie Sanders stirs Texas crowd, is he running for something? https://t.co/WoEFbOzJec",45,BBCWorld
45,-0.0258,Sat Mar 10 12:37:23 +0000 2018,0.864,0.136,0.0,Week-old baby western lowland gorilla in Congo https://t.co/BSDymzlh4K,46,BBCWorld
46,-0.6249,Sat Mar 10 10:45:08 +0000 2018,0.745,0.255,0.0,Papua New Guinea quake: An invisible disaster which could change life forever https://t.co/zmQSA0yGdz,47,BBCWorld
47,0.0,Sat Mar 10 09:02:46 +0000 2018,1.0,0.0,0.0,"ICYMI: Rhinos, robots and tattoos https://t.co/BhZXEpkNoC",48,BBCWorld
48,0.1139,Sat Mar 10 08:46:00 +0000 2018,0.659,0.157,0.184,"RT @BBCNews: Russian spy: Daughter Yulia Skripal didn't deserve poisoning, friend says https://t.co/ZgeGhpqUMl",49,BBCWorld
49,0.5719,Sat Mar 10 06:38:00 +0000 2018,0.598,0.0,0.402,Chile creates law to protect its ocean habitat https://t.co/3ZV7g76L31,50,BBCWorld
50,-0.128,Sat Mar 10 06:07:53 +0000 2018,0.842,0.158,0.0,Jade Hameister: Silencing sexists in a -50C wind chill https://t.co/LUiuqT9jYG,51,BBCWorld
51,-0.4019,Sat Mar 10 05:55:35 +0000 2018,0.748,0.252,0.0,US trade: Is Trump right about the deficit? https://t.co/FwbpjSG5H2,52,BBCWorld
52,-0.6249,Sat Mar 10 05:55:35 +0000 2018,0.661,0.339,0.0,Colombia's Farc: Choosing the ballot box over violence https://t.co/UpdS63NNWm,53,BBCWorld
53,0.0,Sat Mar 10 05:55:35 +0000 2018,1.0,0.0,0.0,National Front: Whatever happened to France's far right? https://t.co/BThm7n4RWa,54,BBCWorld
54,-0.1531,Sat Mar 10 05:55:35 +0000 2018,0.873,0.127,0.0,Trump Kim talks: The tricky task of preparing for the summit https://t.co/bElIeKlqMX,55,BBCWorld
55,-0.5423,Sat Mar 10 05:43:40 +0000 2018,0.696,0.304,0.0,California veterans' home becomes site of fatal shooting https://t.co/6bRwNYBrIz,56,BBCWorld
56,0.0,Sat Mar 10 05:31:08 +0000 2018,1.0,0.0,0.0,Trump says Kim meeting is 'in the making' despite concerns https://t.co/fwmefTGAoD,57,BBCWorld
57,0.0,Sat Mar 10 01:29:14 +0000 2018,1.0,0.0,0.0,Rocco Morabito: Cocaine kingpin to be extradited to Italy https://t.co/gJtd1fldSy,58,BBCWorld
58,0.0,Sat Mar 10 00:34:10 +0000 2018,1.0,0.0,0.0,Florida shooting: NRA sues as Florida enacts gun-control law https://t.co/g9u9uQwsoB,59,BBCWorld
59,-0.6249,Fri Mar 09 23:13:24 +0000 2018,0.611,0.389,0.0,Syria war: Jaish al-Islam to evacuate Eastern Ghouta fighters https://t.co/JoMZ4c2xiA,60,BBCWorld
60,-0.6908,Fri Mar 09 23:05:23 +0000 2018,0.598,0.402,0.0,Slovakia journalist murder: Thousands march against corruption https://t.co/JHvoXxE4ZT,61,BBCWorld
61,0.0,Fri Mar 09 23:05:23 +0000 2018,1.0,0.0,0.0,Turkey Cumhuriyet trial: Two journalists released on bail https://t.co/hKI9pdDozi,62,BBCWorld
62,0.4939,Fri Mar 09 22:57:21 +0000 2018,0.758,0.0,0.242,Our mutual friend: Is Dennis Rodman key to Trump-Kim summit? https://t.co/TBCtFanZfo,63,BBCWorld
63,0.0,Fri Mar 09 22:53:19 +0000 2018,1.0,0.0,0.0,"Rare identical triplets go home in Kansas City, Missouri https://t.co/au1UxUeki2",64,BBCWorld
64,0.0,Fri Mar 09 21:23:48 +0000 2018,1.0,0.0,0.0,Damso: Belgium drops rapper's World Cup song after sexism row https://t.co/DnXE8kv9SR,65,BBCWorld
65,-0.2023,Fri Mar 09 20:00:45 +0000 2018,0.795,0.205,0.0,North Carolina officer charged for tasing jaywalker https://t.co/k56Z4x82OQ,66,BBCWorld
66,-0.6597,Fri Mar 09 20:00:45 +0000 2018,0.597,0.403,0.0,Immigration agents detain mother in front of screaming children https://t.co/hebEOmFrjA,67,BBCWorld
67,-0.4767,Fri Mar 09 19:32:23 +0000 2018,0.744,0.256,0.0,Mhlengi Gwala: Chainsaw attack athlete wants to compete again https://t.co/SRJj9tB3uA,68,BBCWorld
68,-0.6697,Fri Mar 09 19:10:09 +0000 2018,0.64,0.36,0.0,Jail for 'most hated man in US' Shkreli https://t.co/6nLmfNSINq,69,BBCWorld
69,-0.7096,Fri Mar 09 18:39:02 +0000 2018,0.442,0.414,0.144,Report finds US hospital failed to protect infants from abuse https://t.co/LIp3OEVs07,70,BBCWorld
70,-0.6486,Fri Mar 09 16:15:15 +0000 2018,0.569,0.431,0.0,Mauritius President Gurib-Fakim to resign over financial scandal https://t.co/nBmAgwUHf5,71,BBCWorld
71,0.0,Fri Mar 09 16:09:23 +0000 2018,1.0,0.0,0.0,Catalonia Spain: Judge refuses to release Jordi Sanchez for investiture https://t.co/OZSrYWx4Ss,72,BBCWorld
72,0.0,Fri Mar 09 15:54:43 +0000 2018,1.0,0.0,0.0,Big cat gets CAT scan https://t.co/tl0hN1flxT,73,BBCWorld
73,0.0,Fri Mar 09 15:43:09 +0000 2018,1.0,0.0,0.0,"@jvn ""Yaass Queen!"" üôå",74,BBCWorld
74,0.0,Fri Mar 09 14:49:43 +0000 2018,1.0,0.0,0.0,RT @BBC_HaveYourSay: ‚ÄúOrange is the new Barack‚Äù and ‚ÄúBarack Mirror‚Äù - just two of the ideas you‚Äôve had as the Obamas hold talks with Netfli‚Ä¶,75,BBCWorld
75,0.0,Fri Mar 09 14:39:37 +0000 2018,1.0,0.0,0.0,"Pitches, puns and parodies for Obamas for Netflix show https://t.co/mkqulg4hr8",76,BBCWorld
76,0.0,Fri Mar 09 14:19:21 +0000 2018,1.0,0.0,0.0,Burger-flipping robot takes short break https://t.co/gRqObWoVS4,77,BBCWorld
77,0.0531,Fri Mar 09 14:19:21 +0000 2018,0.723,0.132,0.145,"Trump told to mute Twitter critics, not block them, by New York judge https://t.co/4pBk7Kk5tB",78,BBCWorld
78,-0.7096,Fri Mar 09 12:33:47 +0000 2018,0.543,0.457,0.0,India cricketer Mohammad Shami charged with domestic violence https://t.co/Z3Eq9jYxLF,79,BBCWorld
79,0.2263,Fri Mar 09 12:19:53 +0000 2018,0.84,0.0,0.16,Trump Kim talks: US surprised at 'dramatic' North Korea shift https://t.co/Uzb5V27rtv,80,BBCWorld
80,0.0,Fri Mar 09 11:48:39 +0000 2018,1.0,0.0,0.0,Winter Paralympics opening ceremony begins in Pyeongchang https://t.co/VP4W2q1Hhe,81,BBCWorld
81,0.0,Fri Mar 09 11:40:26 +0000 2018,1.0,0.0,0.0,Kenya's Uhuru Kenyatta and Raila Odinga pledge reconciliation https://t.co/FmOnv65k9x,82,BBCWorld
82,0.0516,Fri Mar 09 11:07:50 +0000 2018,0.882,0.0,0.118,Turkey sentences 25 journalists to jail for 'coup links' https://t.co/kibUX87AVp,83,BBCWorld
83,-0.5719,Fri Mar 09 11:03:38 +0000 2018,0.561,0.439,0.0,Why Quebec doctors have rejected a pay rise https://t.co/YbLk3CbhXb,84,BBCWorld
84,-0.296,Fri Mar 09 10:33:53 +0000 2018,0.784,0.216,0.0,Norwegian airline responds to poem complaint in verse https://t.co/2TNH05FqD3,85,BBCWorld
85,0.0,Fri Mar 09 10:25:21 +0000 2018,1.0,0.0,0.0,Obamas 'in talks to make Netflix shows' https://t.co/KYEZSuTueG,86,BBCWorld
86,-0.6486,Fri Mar 09 09:30:24 +0000 2018,0.699,0.301,0.0,Jo Min-ki: South Korean actor found dead after #MeToo allegations https://t.co/AFtYavG3IV,87,BBCWorld
87,-0.5994,Fri Mar 09 09:26:26 +0000 2018,0.719,0.281,0.0,Syria war: UN aid convoy re-enters Eastern Ghouta amid 'calm' https://t.co/NDAoZ9yydb,88,BBCWorld
88,-0.4215,Fri Mar 09 09:18:58 +0000 2018,0.714,0.286,0.0,India allows 'living wills' for terminally ill https://t.co/YKgWtlKvqZ,89,BBCWorld
89,0.4019,Fri Mar 09 09:18:55 +0000 2018,0.803,0.0,0.197,Russian spy: Foreign minister says Russia willing to help in inquiry https://t.co/DGsNyBTzo6,90,BBCWorld
90,0.0,Fri Mar 09 09:01:49 +0000 2018,1.0,0.0,0.0,Tourist captures Sydney couple's marriage proposal https://t.co/4xP2j147u4,91,BBCWorld
91,-0.8074,Fri Mar 09 08:09:49 +0000 2018,0.684,0.316,0.0,RT @BBCNewsAsia: Authorities are struggling to contain a fire which has broken out in a chemical factory in the western state of Maharashtr‚Ä¶,92,BBCWorld
92,0.2023,Fri Mar 09 07:54:57 +0000 2018,0.795,0.0,0.205,Sikh separatist Atwal apologises over Trudeau event https://t.co/hHYBe50e8F,93,BBCWorld
93,-0.7717,Fri Mar 09 07:54:54 +0000 2018,0.472,0.528,0.0,Three dead in India chemical factory fire https://t.co/YKuyaIRLst,94,BBCWorld
94,0.0,Fri Mar 09 07:25:19 +0000 2018,1.0,0.0,0.0,Natthanan: the 10-year-old make-up artist https://t.co/CmJHcd8wTu,95,BBCWorld
95,0.2415,Fri Mar 09 07:19:21 +0000 2018,0.781,0.088,0.13,"RT @BBCSport: Billie Jean King has said men should not play five-set matches at  Grand Slams.

Full storyüëá
https://t.co/4jeP2GsT6f https://‚Ä¶",96,BBCWorld
96,0.2732,Fri Mar 09 06:15:00 +0000 2018,0.913,0.0,0.087,"In case you're just waking up: 

Obama is going to Netflix and Trump is going to North Korea. 

He has accepted an‚Ä¶ https://t.co/siyJ0PXbck",97,BBCWorld
97,-0.128,Fri Mar 09 05:13:29 +0000 2018,0.8,0.2,0.0,Spain strike: 'Young women are incredible' https://t.co/xBkYHY3Hym,98,BBCWorld
98,-0.5994,Fri Mar 09 05:13:25 +0000 2018,0.606,0.394,0.0,Syria after seven years of war https://t.co/2sRQbl7Hvy,99,BBCWorld
99,0.0,Fri Mar 09 05:13:25 +0000 2018,1.0,0.0,0.0,Five ways to break up with plastic https://t.co/IrQl4QkqUy,100,BBCWorld
100,0.0,Fri Mar 09 05:10:05 +0000 2018,1.0,0.0,0.0,House Intel Committee plan to build physical wall is shelved https://t.co/GODMB7lpsr https://t.co/PTistn9Gst,1,CBSNews
101,-0.3818,Fri Mar 09 05:03:07 +0000 2018,0.776,0.224,0.0,Texas judge orders electric shocks for uncooperative defendant https://t.co/6OYVU9hLQX https://t.co/yqQQ39N3Ps,2,CBSNews
102,-0.0516,Fri Mar 09 05:02:07 +0000 2018,0.608,0.203,0.189,California Sen. Bob Hertzberg banned from hugging after investigation https://t.co/VRBnlbYY4T https://t.co/EaqJS9z2x3,3,CBSNews
103,0.4779,Fri Mar 09 04:56:29 +0000 2018,0.791,0.063,0.146,"""When thinking about today, I was really sorry we don't have the other member of our trio to celebrate with us, but‚Ä¶ https://t.co/dV6OMR4gzQ",4,CBSNews
104,0.0,Fri Mar 09 04:28:31 +0000 2018,1.0,0.0,0.0,"The son of Tommy Lee and his ex-wife, Pamela Anderson, is speaking out about an altercation he had with his father.‚Ä¶ https://t.co/M7PPK9KtCX",5,CBSNews
105,0.1027,Fri Mar 09 03:45:25 +0000 2018,0.766,0.108,0.126,"U.S. issues a travel warning for the Mexican city of Playa del Carmen, a popular travel destination for students tr‚Ä¶ https://t.co/GcjbouV5BA",6,CBSNews
106,-0.1027,Fri Mar 09 03:25:00 +0000 2018,0.935,0.065,0.0,"In an unusual turnabout, hundreds of physicians in Quebec voiced opposition to a recent hike in their pay ‚Äì‚Äì and sa‚Ä¶ https://t.co/EQGR46C2Gj",7,CBSNews
107,-0.9349,Fri Mar 09 03:05:01 +0000 2018,0.515,0.485,0.0,Therapist testifies New York City nanny wasn‚Äôt suicidal or murderous days before killings of two children.‚Ä¶ https://t.co/Z7yRsz3Lke,8,CBSNews
108,0.0,Fri Mar 09 02:45:01 +0000 2018,1.0,0.0,0.0,"""It has been a lot of miscommunication.""Patience runs thin after nor'easter knocks out power.‚Ä¶ https://t.co/i9xz52LkN6",9,CBSNews
109,-0.5719,Fri Mar 09 02:25:01 +0000 2018,0.761,0.239,0.0,"Teen posing a cop tried to make traffic stops in California, owned cache of fake police gear.‚Ä¶ https://t.co/K9NsSA3yBF",10,CBSNews
110,0.0,Fri Mar 09 02:05:01 +0000 2018,1.0,0.0,0.0,"New audio recordings and an updated timeline from the Parkland, Florida school shooting give a clearer picture of h‚Ä¶ https://t.co/rKpKKeJlNT",11,CBSNews
111,-0.7717,Fri Mar 09 01:45:01 +0000 2018,0.729,0.271,0.0,"Toys ""R"" Us may be planning a sad end to its toy story: the liquidation of its bankrupt U.S. operations.‚Ä¶ https://t.co/b2ivhEo23n",12,CBSNews
112,0.5423,Fri Mar 09 01:25:38 +0000 2018,0.809,0.0,0.191,"President Trump has agreed to meet with North Korean leader Kim Jong Un ""by May,"" South Korea's national security a‚Ä¶ https://t.co/1y7B961N2m",13,CBSNews
113,-0.7491,Fri Mar 09 01:05:01 +0000 2018,0.738,0.262,0.0,"One researcher shows despite some speculation, 80 percent of mass shooters did not show an interest in violent vide‚Ä¶ https://t.co/vPgIAg2t6b",14,CBSNews
114,0.0,Fri Mar 09 00:50:01 +0000 2018,1.0,0.0,0.0,"Prohibited in North Korea, K-pop's impact still felt across the border.  
https://t.co/OBJAlA4CuX https://t.co/CIJs3mwbVr",15,CBSNews
115,0.0,Fri Mar 09 00:45:01 +0000 2018,1.0,0.0,0.0,"The Interior Department is spending nearly $139,000 to upgrade three sets of double doors in the office of Secretar‚Ä¶ https://t.co/wWspuO2Mq0",16,CBSNews
116,0.34,Fri Mar 09 00:23:52 +0000 2018,0.876,0.0,0.124,"MORE: In White House announcement, South Korean national security adviser Chung Eui-yong says President Trump has a‚Ä¶ https://t.co/5Raryitnig",17,CBSNews
117,0.6249,Fri Mar 09 00:15:19 +0000 2018,0.758,0.0,0.242,"South Korean national security adviser: ""[Kim] expressed his eagerness to meet President Trump as soon as possible.‚Ä¶ https://t.co/LCPNYrNcJG",18,CBSNews
118,0.34,Fri Mar 09 00:14:14 +0000 2018,0.882,0.0,0.118,"South Korean national security adviser: ""I told President Trump that in our meeting, North Korean leader Kim Jong-u‚Ä¶ https://t.co/YbjWg5OoAI",19,CBSNews
119,0.0,Fri Mar 09 00:12:20 +0000 2018,1.0,0.0,0.0,NOW: South Korean official makes announcement on North Korea from White House driveway https://t.co/4hFR3QVIoi https://t.co/eLN7y8jY0U,20,CBSNews
120,-0.4404,Fri Mar 09 00:10:01 +0000 2018,0.854,0.146,0.0,"McDonald's flipping its golden arches upside down to resemble a ""W"" draws criticism, with some pressing the company‚Ä¶ https://t.co/16D8eMvawB",21,CBSNews
121,0.34,Fri Mar 09 00:08:56 +0000 2018,0.862,0.0,0.138,AHEAD: South Korean national security adviser to make announcement on North Korea from White House‚Ä¶ https://t.co/tgtzOZ36jw,22,CBSNews
122,-0.4588,Fri Mar 09 00:06:17 +0000 2018,0.842,0.158,0.0,"Banned in North Korea, K-pop's impact still felt across the border. CBS News' Holly Williams explains.‚Ä¶ https://t.co/MhZRnroKFL",23,CBSNews
123,0.0,Fri Mar 09 00:02:26 +0000 2018,1.0,0.0,0.0,"In San Bernardino County outside Los Angeles, sheriff deputies have to be at least 21 years old. @carterevans repor‚Ä¶ https://t.co/KBYjkqA2Un",24,CBSNews
124,-0.5574,Thu Mar 08 23:59:58 +0000 2018,0.787,0.213,0.0,The State Department has issued a travel warning advising Americans to avoid Playa del Carmen in Mexico. The resort‚Ä¶ https://t.co/dT71FivePh,25,CBSNews
125,-0.7579,Thu Mar 08 23:56:19 +0000 2018,0.723,0.277,0.0,"The president talked about gun violence with members of the video game industry, which generated a record $37 billi‚Ä¶ https://t.co/tepsgypYZp",26,CBSNews
126,0.0,Thu Mar 08 23:53:52 +0000 2018,1.0,0.0,0.0,Two nor'easters in less than a week have left nearly a million homes and business in the dark. Trees and wires are‚Ä¶ https://t.co/FhJlKhSpmJ,27,CBSNews
127,0.0,Thu Mar 08 23:48:44 +0000 2018,1.0,0.0,0.0,"@CBSNews¬†.@jillonmoney on new steel &amp; aluminum tariffs: ""If you work for a steel or an aluminum producer, it's prob‚Ä¶ https://t.co/DpijwsH8Kr",28,CBSNews
128,0.4215,Thu Mar 08 23:44:50 +0000 2018,0.872,0.0,0.128,The president set in motion tariffs on steel and aluminum imported into the United States. Chip Reid with more.‚Ä¶ https://t.co/UPFA0Kbne7,29,CBSNews
129,0.0,Thu Mar 08 23:40:45 +0000 2018,1.0,0.0,0.0,"Audio recordings and a new timeline from the Parkland, Florida, shooting was released. They gave a clearer picture‚Ä¶ https://t.co/h9RaZWw5Pf",30,CBSNews
130,-0.3818,Thu Mar 08 23:20:01 +0000 2018,0.874,0.126,0.0,"Women's March leader refuses to condemn Louis Farrakhan, the anti-Semitic leader of the Nation of Islam; as recentl‚Ä¶ https://t.co/cBxcbPNfwU",31,CBSNews
131,0.0,Thu Mar 08 23:11:30 +0000 2018,1.0,0.0,0.0,"In several letters with @steve_dorsey, ""Pharma Bro"" Martin Shrkeli lashed out at the media, discussed his budding f‚Ä¶ https://t.co/KcPRVkSHtC",32,CBSNews
132,0.34,Thu Mar 08 22:41:32 +0000 2018,0.888,0.0,0.112,"NEW: South Korean national security adviser to make announcement in WH briefing room at 7 p.m. ET, White House officials say.",33,CBSNews
133,0.6124,Thu Mar 08 22:40:01 +0000 2018,0.795,0.045,0.159,One of the best running backs in the 2018 NFL Draft class says a team asked about his sexuality at last week's comb‚Ä¶ https://t.co/y7EtWiNdGb,34,CBSNews
134,-0.765,Thu Mar 08 22:20:25 +0000 2018,0.761,0.239,0.0,Tom Brady's mop of brunette hair is no more -- the Patriots quarterback chopped it off in the name of cancer resear‚Ä¶ https://t.co/PRKJLjMgdR,35,CBSNews
135,0.3818,Thu Mar 08 22:00:02 +0000 2018,0.72,0.088,0.192,"""No matter how you slice it, falsity wins out"": On Twitter, false information travels six times faster than the tru‚Ä¶ https://t.co/AMpFR3naC9",36,CBSNews
136,0.4404,Thu Mar 08 21:42:45 +0000 2018,0.868,0.0,0.132,"She was ""originally only supposed to stay for a few days after her arrival."" But as the ""Fearless Girl"" celebrates‚Ä¶ https://t.co/TpVeJcxXN5",37,CBSNews
137,0.1531,Thu Mar 08 21:24:17 +0000 2018,0.654,0.136,0.21,Judge recommends President Donald Trump mute rather than block some Twitter followers to resolve a First Amendment‚Ä¶ https://t.co/MrWzI1bL4f,38,CBSNews
138,-0.34,Thu Mar 08 21:13:04 +0000 2018,0.876,0.124,0.0,"""Even in the proclamation the president just signed a few minutes, there is still uncertainty about which countries‚Ä¶ https://t.co/DhKYdvMc1F",39,CBSNews
139,0.0,Thu Mar 08 21:04:33 +0000 2018,1.0,0.0,0.0,WATCH: Pres. Trump signs new tariffs on aluminum and steel imports; 25 percent on steel imports and 10 percent on a‚Ä¶ https://t.co/BBt7WZBwfB,40,CBSNews
140,0.6486,Thu Mar 08 21:02:28 +0000 2018,0.782,0.0,0.218,"""I thank you for the opportunity for what you are doing,"" president of local steelworker union tells Pres. Trump.
""‚Ä¶ https://t.co/sWTkNSFDti",41,CBSNews
141,0.0,Thu Mar 08 20:53:20 +0000 2018,1.0,0.0,0.0,"""Due to the unique nature of our relationship with Canada and Mexico, we are negotiating NAFTA -- we are going to h‚Ä¶ https://t.co/l5LeV1z2cz",42,CBSNews
142,-0.0382,Thu Mar 08 20:46:54 +0000 2018,0.898,0.102,0.0,"""The actions we are taking today are not a matter of choice, they are a matter of necessity for our security,"" Pres‚Ä¶ https://t.co/1VlwPTd9ir",43,CBSNews
143,0.34,Thu Mar 08 20:44:44 +0000 2018,0.876,0.0,0.124,"""Today, I am defending America's national security, by placing tariffs on foreign imports of steel &amp; aluminum,"" Pre‚Ä¶ https://t.co/7nKXkalnZR",44,CBSNews
144,0.3818,Thu Mar 08 20:43:23 +0000 2018,0.885,0.0,0.115,"Pres. Trump: ""We have to protect and build our steel and aluminum industries, while at the same time showing great‚Ä¶ https://t.co/U79uBUOv6d",45,CBSNews
145,0.0,Thu Mar 08 20:40:32 +0000 2018,1.0,0.0,0.0,WATCH LIVE: Pres. Trump to sign new tariffs on aluminum and steel imports at White House https://t.co/0imZ0NeDGE https://t.co/QOmtFLo1nV,46,CBSNews
146,0.0,Thu Mar 08 20:26:01 +0000 2018,1.0,0.0,0.0,AHEAD: Pres. Trump to sign proclamation on steel and aluminum tariffs at the White House; the tariffs ‚Äî 25 percent‚Ä¶ https://t.co/Matq54eOyc,47,CBSNews
147,0.0,Thu Mar 08 20:11:01 +0000 2018,1.0,0.0,0.0,President Trump will sign proclamations that will institute a 25 percent tariff on steel and a 10 percent tariff on‚Ä¶ https://t.co/1x53iEhFv1,48,CBSNews
148,0.4939,Thu Mar 08 19:45:30 +0000 2018,0.734,0.077,0.189,"This big cat is getting a CAT scan. No really, this lion is getting a CAT scan so that doctors can help treat his i‚Ä¶ https://t.co/rivVz661b3",49,CBSNews
149,0.0,Thu Mar 08 19:25:29 +0000 2018,1.0,0.0,0.0,Head of U.S. Forest Service steps down amid sexual misconduct allegations https://t.co/DmVZWFoHGi https://t.co/ej4QgEqkcG,50,CBSNews
150,-0.5267,Thu Mar 08 19:05:02 +0000 2018,0.833,0.167,0.0,The FBI has opened a criminal investigation into a white North Carolina police officer shown on body camera footage‚Ä¶ https://t.co/IgehJqEmtM,51,CBSNews
151,0.0,Thu Mar 08 18:50:01 +0000 2018,0.437,0.262,0.302,"Yes, some people's Amazon Alexa's are suddenly letting out evil laughs for no reason https://t.co/iALfFFIjvy https://t.co/Wp7qs4Utzh",52,CBSNews
152,0.0,Thu Mar 08 18:35:30 +0000 2018,1.0,0.0,0.0,"A bill for a ""Trump Highway"" in Utah has been dropped by the Republican lawmaker who proposed it after receiving wh‚Ä¶ https://t.co/LTMdqxxXjp",53,CBSNews
153,-0.2263,Thu Mar 08 18:13:32 +0000 2018,0.675,0.19,0.135,Man arrested after Amber Alert leads to discovery of child's body: https://t.co/UFcH459e9I https://t.co/OlDweS79G4,54,CBSNews
154,-0.7184,Thu Mar 08 17:57:01 +0000 2018,0.682,0.318,0.0,"In an embarrassing case of mistaken identity, many Americans appear to be confusing the National Rifle Association‚Ä¶ https://t.co/7Xbj7NbySy",55,CBSNews
155,0.0516,Thu Mar 08 17:40:01 +0000 2018,0.741,0.125,0.134,"Hope Hicks told lawmakers one of her email accounts had been hacked, source confirms to CBS News:‚Ä¶ https://t.co/Hphq0Z96ih",56,CBSNews
156,-0.7906,Thu Mar 08 17:25:01 +0000 2018,0.567,0.333,0.1,Student killed in an apparent gun accident at an Alabama high school has been identified; person of interest in cus‚Ä¶ https://t.co/um2B5jDeE7,57,CBSNews
157,0.4767,Thu Mar 08 17:10:01 +0000 2018,0.838,0.0,0.162,"Women across Europe and Asia are shouting their demands for equality, respect and empowerment to mark‚Ä¶ https://t.co/fvrjfIuIIF",58,CBSNews
158,0.0258,Thu Mar 08 17:05:10 +0000 2018,0.948,0.0,0.052,"""If we reach a deal, it is most likely that we won't be charging [Mexico and Canada] those tariffs,"" President Trum‚Ä¶ https://t.co/YNCOZxYMKv",59,CBSNews
159,0.3612,Thu Mar 08 17:01:51 +0000 2018,0.829,0.0,0.171,"President Trump jokes during chief economic adviser Gary Cohn's last Cabinet meeting: ""I have a feeling you will be‚Ä¶ https://t.co/lyGnRCVqYY",60,CBSNews
160,-0.1531,Thu Mar 08 16:56:54 +0000 2018,0.842,0.094,0.064,"President Trump addresses federal immigration lawsuit: ""They want the money, they should give up on the sanctuary c‚Ä¶ https://t.co/Vq0mXwjP9m",61,CBSNews
161,0.0,Thu Mar 08 16:48:28 +0000 2018,1.0,0.0,0.0,MOMENTS AGO: President Trump holds a Cabinet meeting amid questions about his tariff plan https://t.co/c3XN5mQH5k https://t.co/V8VRCbOqYy,62,CBSNews
162,0.6705,Thu Mar 08 16:40:01 +0000 2018,0.732,0.0,0.268,"Babies being raised by single mothers may benefit from looking like their fathers, a new study suggests:‚Ä¶ https://t.co/E8NnUy02Vn",63,CBSNews
163,0.0516,Thu Mar 08 16:23:32 +0000 2018,0.787,0.102,0.111,"""Let me just say that I am more concerned about the president's policies, which undermine the financial security of‚Ä¶ https://t.co/S3QeeaRskV",64,CBSNews
164,0.0,Thu Mar 08 16:17:40 +0000 2018,1.0,0.0,0.0,WATCH LIVE: Rep. Nancy Pelosi takes questions from reporters ahead of President Trump's reported meeting on tariffs‚Ä¶ https://t.co/vKUDzSL4gW,65,CBSNews
165,-0.5859,Thu Mar 08 16:15:01 +0000 2018,0.798,0.202,0.0,The NBA is reviewing 2011 allegations of sexual assault against Dallas Mavericks owner Mark Cuban:‚Ä¶ https://t.co/P9veQPGeGg,66,CBSNews
166,0.0,Thu Mar 08 16:02:01 +0000 2018,1.0,0.0,0.0,President Trump plans to meet with video game industry representatives on Thursday as he considers responses to gun‚Ä¶ https://t.co/3lTi8Vj8EM,67,CBSNews
167,-0.128,Thu Mar 08 15:45:31 +0000 2018,0.632,0.174,0.194,"""There's a good chance I get murdered tonight,"" one Twitter user wrote after his Alexa let out an unprovoked, eerie‚Ä¶ https://t.co/64rbNb301O",68,CBSNews
168,0.4939,Thu Mar 08 15:33:41 +0000 2018,0.849,0.0,0.151,"RT @CBSThisMorning: ""There were always barriers and glass ceilings... and iron doors to get through,"" in honor of #InternationalWomensDay,‚Ä¶",69,CBSNews
169,0.3182,Thu Mar 08 15:32:51 +0000 2018,0.887,0.0,0.113,"RT @CBSEveningNews: Curious Emperor penguins were captured in Antarctica getting up close &amp; personal on film 

Australian Antarctic expedit‚Ä¶",70,CBSNews
170,0.0,Thu Mar 08 15:30:01 +0000 2018,1.0,0.0,0.0,"""We are a long ways from negotiations"" with North Korea, Secretary of State Rex Tillerson says:‚Ä¶ https://t.co/MGoFT9GtVx",71,CBSNews
171,0.5267,Thu Mar 08 15:15:01 +0000 2018,0.732,0.0,0.268,Cigna agrees to buy pharmacy benefits manager Express Scripts for $52 billion: https://t.co/4UQRYcnxSU https://t.co/zvb40wdfvg,72,CBSNews
172,-0.4767,Thu Mar 08 15:00:01 +0000 2018,0.86,0.14,0.0,What does the use of a nerve agent in the attack on a Russian ex-spy tell us about who did it?‚Ä¶ https://t.co/T0s9g1G9mw,73,CBSNews
173,0.0,Thu Mar 08 14:45:33 +0000 2018,1.0,0.0,0.0,"The Eiffel Tower lit up on the eve of #InternationalWomensDay for ""Maintenant On Agit,"" which translates to ""Now We‚Ä¶ https://t.co/QHCrDI4W40",74,CBSNews
174,0.0,Thu Mar 08 14:30:01 +0000 2018,1.0,0.0,0.0,The president of the Navajo Nation says a proposal to rename a Utah highway after President Trump is insulting:‚Ä¶ https://t.co/Vwca02I2FT,75,CBSNews
175,0.3818,Thu Mar 08 14:15:01 +0000 2018,0.874,0.0,0.126,"The U.S. commitment to Africa ""is quite clear,"" Secretary of State Rex Tillerson says, beginning his five-country A‚Ä¶ https://t.co/AuVSJ9uwRi",76,CBSNews
176,0.2263,Thu Mar 08 14:00:45 +0000 2018,0.909,0.0,0.091,"WATCH: NBA star Dwyane Wade surprises the kids who ""inspire"" him -- the students at Stoneman Douglas High School https://t.co/GAZC4tIVxY",77,CBSNews
177,0.3612,Thu Mar 08 13:48:48 +0000 2018,0.878,0.0,0.122,The @CBSThisMorning series #AMorePerfectUnion aims to show that what unites us as Americans is far greater than wha‚Ä¶ https://t.co/qeas41p6mz,78,CBSNews
178,0.0772,Thu Mar 08 13:41:18 +0000 2018,0.929,0.0,0.071,A retired military leader and a college professor are offering advice on the challenges of leadership with their ne‚Ä¶ https://t.co/DUpPe6xbkX,79,CBSNews
179,0.6124,Thu Mar 08 13:40:01 +0000 2018,0.75,0.0,0.25,"MoviePass, a popular movie ticket subscription service, admits it's looking at ways to gather private information o‚Ä¶ https://t.co/e3bUWQVw31",80,CBSNews
180,-0.8078,Thu Mar 08 13:37:38 +0000 2018,0.699,0.301,0.0,"Malala Yousafzai reveals a new detail about the attack that almost killed her in Pakistan, during an interview with‚Ä¶ https://t.co/4V35oFVsvB",81,CBSNews
181,0.0,Thu Mar 08 13:34:13 +0000 2018,1.0,0.0,0.0,Here‚Äôs a look at some of this morning‚Äôs headlines on @CBSThisMorning: https://t.co/q2j8J5mqxY,82,CBSNews
182,0.5423,Thu Mar 08 13:25:43 +0000 2018,0.837,0.0,0.163,AHEAD on @CBSThisMorning: The four-star general teaming up with the peace studies major for a new book on leadershi‚Ä¶ https://t.co/vaCqkPwDnY,83,CBSNews
183,0.0,Thu Mar 08 13:21:33 +0000 2018,1.0,0.0,0.0,CBS News has been behind the scene with the Stoneman Douglas students and parents at the center of the movement for‚Ä¶ https://t.co/dtI1pK8ctd,84,CBSNews
184,-0.7579,Thu Mar 08 13:20:01 +0000 2018,0.667,0.333,0.0,"New report from Veterans Affairs watchdog slams department's leadership, blaming ""failed leadership"" and a ""climate‚Ä¶ https://t.co/LpUkGSDicF",85,CBSNews
185,0.4767,Thu Mar 08 13:14:07 +0000 2018,0.876,0.0,0.124,"With the new tax plan is now in affect, Americans at most income levels will eventually get some relief. CBS News b‚Ä¶ https://t.co/aPQQI9aSFd",86,CBSNews
186,0.0,Thu Mar 08 13:11:04 +0000 2018,1.0,0.0,0.0,"‚ÄúWhen you have tariffs, you raise prices on steel, and all 320 million Americans lose...If you just look at steel,‚Ä¶ https://t.co/PFhTIy5Z07",87,CBSNews
187,-0.743,Thu Mar 08 13:06:53 +0000 2018,0.523,0.348,0.129,"‚ÄúTariffs always hurt us. Ultimately nobody ever wins a trade war. Both sides lose a trade war...We need more trade,‚Ä¶ https://t.co/m2XsX5zM2V",88,CBSNews
188,0.0,Thu Mar 08 13:05:42 +0000 2018,1.0,0.0,0.0,The White House says it expects Pres. Trump to sign his new tariff plan for imported steel and aluminum by the end‚Ä¶ https://t.co/iXTn2XmY2Z,89,CBSNews
189,-0.5046,Thu Mar 08 13:03:42 +0000 2018,0.799,0.201,0.0,"A winter storm warning is still up in northern New England, where more snow is falling after a second nor‚Äôeaster‚Ä¶ https://t.co/BgSwJiM516",90,CBSNews
190,0.0,Thu Mar 08 13:00:01 +0000 2018,1.0,0.0,0.0,New forensic analysis indicates that bones found on a remote South Pacific island in 1940 are very likely belong to‚Ä¶ https://t.co/LjZKxGcoV7,91,CBSNews
191,0.0,Thu Mar 08 12:52:52 +0000 2018,1.0,0.0,0.0,Here‚Äôs a look at some of this morning‚Äôs headlines from around the globe on @CBSThisMorning: https://t.co/b6HwqDFeFo,92,CBSNews
192,0.0,Thu Mar 08 12:48:15 +0000 2018,1.0,0.0,0.0,AHEAD on @CBSThisMorning: We go behind the scenes with Parkland students as they move into new office space https://t.co/1WuhFHbq0w,93,CBSNews
193,0.6124,Thu Mar 08 12:44:54 +0000 2018,0.75,0.0,0.25,"MoviePass, a popular movie ticket subscription service, admits it's looking at ways to gather private information o‚Ä¶ https://t.co/Kr5WdDDyIu",94,CBSNews
194,-0.128,Thu Mar 08 12:41:01 +0000 2018,0.736,0.143,0.121,COMING UP on @CBSThisMorning: The popular movie ticket service MoviePass is facing an angry backlash after its CEO‚Ä¶ https://t.co/0Y1D0FBha0,95,CBSNews
195,0.0,Thu Mar 08 12:40:30 +0000 2018,1.0,0.0,0.0,The Northeastern women's basketball team put in more work after practice Wednesday -- when the team's bus got stuck‚Ä¶ https://t.co/t7WpYwYak4,96,CBSNews
196,-0.5423,Thu Mar 08 12:37:05 +0000 2018,0.844,0.156,0.0,British police revealed the substance used to poison a former Russian spy was a nerve agent. News of the nerve agen‚Ä¶ https://t.co/mj8KRID1eB,97,CBSNews
197,-0.7579,Thu Mar 08 12:34:14 +0000 2018,0.667,0.333,0.0,"A new report from a Veterans Affairs watchdog slammed the department's leadership, blaming ""failed leadership"" and‚Ä¶ https://t.co/Uhh9cdsRpq",98,CBSNews
198,-0.6705,Thu Mar 08 12:21:21 +0000 2018,0.756,0.244,0.0,British police say a former Russian spy who is in critical condition was poisoned with a nerve agent. Ahead on‚Ä¶ https://t.co/I4cfpbj6AF,99,CBSNews
199,0.0,Thu Mar 08 12:19:44 +0000 2018,1.0,0.0,0.0,Pres.Trump‚Äôs lawyer got a temporary restraining order barring Stormy Daniels from speaking about her alleged affair‚Ä¶ https://t.co/76lv4fqZXE,100,CBSNews
200,0.0,Thu Mar 08 12:10:11 +0000 2018,1.0,0.0,0.0,"""This is so manipulative."" That's how an anchor at a local TV station owned by Sinclair described the company's lat‚Ä¶ https://t.co/QaYLYApLVi",1,CNN
201,0.0,Thu Mar 08 12:00:21 +0000 2018,1.0,0.0,0.0,"5 things for Thursday:

- The White House
- Russia investigation
- Florida school shooting
- UK and Russia
- Aung S‚Ä¶ https://t.co/fe9IBVt8YY",2,CNN
202,0.4767,Thu Mar 08 11:55:05 +0000 2018,0.838,0.0,0.162,Former Trump campaign manager Corey Lewandowski is scheduled to be interviewed by the House Intelligence Committee‚Ä¶ https://t.co/Ig19ZKtopE,3,CNN
203,0.0,Thu Mar 08 11:48:03 +0000 2018,1.0,0.0,0.0,Why are (some) Democrats signing on to the Republican bank bill? | Analysis by @GregJKrieg https://t.co/bc6G38s4id https://t.co/GXV9znEwuY,4,CNN
204,-0.296,Thu Mar 08 11:43:38 +0000 2018,0.901,0.099,0.0,What will it take for women to live #AsEquals with men? No country has achieved total gender parity yet - #AsEquals‚Ä¶ https://t.co/TCGXrQgcR9,5,CNN
205,0.3612,Thu Mar 08 11:40:10 +0000 2018,0.894,0.0,0.106,"President Trump says his promised tariffs on steel and aluminum imports -- 25% on steel, 10% on aluminum -- would b‚Ä¶ https://t.co/dwOqrHSA9t",6,CNN
206,0.4019,Thu Mar 08 11:35:01 +0000 2018,0.87,0.0,0.13,"President Trump asked his former chief of staff Reince Priebus if special counsel investigators had been ""nice"" dur‚Ä¶ https://t.co/YSupdUTrNx",7,CNN
207,-0.5574,Thu Mar 08 11:14:34 +0000 2018,0.847,0.153,0.0,We spoke to nine women who said they found their illegal abortions via Facebook. None believed the procedure was sa‚Ä¶ https://t.co/2Yv14LJ7K3,8,CNN
208,0.0,Thu Mar 08 10:49:52 +0000 2018,1.0,0.0,0.0,Meghan Markle has been baptized into the Church of England https://t.co/MIzXBXNMmA https://t.co/8C42ORsRVq,9,CNN
209,-0.8689,Thu Mar 08 10:43:59 +0000 2018,0.66,0.34,0.0,"When Brisa de Angulo reported being raped by a family member at the age of 15, she faced intimidation and blame fro‚Ä¶ https://t.co/mM8iGnHwVy",10,CNN
210,0.0,Thu Mar 08 10:33:11 +0000 2018,1.0,0.0,0.0,"In Malawi, girls as young as 10 are expected to go to ""chinamwali"" -- a camp where they are taught how to sexually‚Ä¶ https://t.co/Ofvb97oTQe",11,CNN
211,-0.4588,Thu Mar 08 10:29:00 +0000 2018,0.833,0.167,0.0,The Taliban banned these women from being journalists. Now they run an all-female TV station:‚Ä¶ https://t.co/AAyw5jbWf9,12,CNN
212,-0.3687,Thu Mar 08 10:15:44 +0000 2018,0.843,0.157,0.0,She was told not to play the drums because she's a woman - now @kasingoma is in demand as a percussionist around th‚Ä¶ https://t.co/tKCXoEBUZm,13,CNN
213,0.0,Thu Mar 08 10:01:35 +0000 2018,1.0,0.0,0.0,"On #InternationalWomensDay, CNN wants to know what living #AsEquals means to you. Tell us by filling out this form:‚Ä¶ https://t.co/EbGAjhIJUB",14,CNN
214,0.0,Thu Mar 08 09:01:07 +0000 2018,1.0,0.0,0.0,Uber says it has started using self-driving trucks to haul freight in Arizona https://t.co/0POYBWXS5u https://t.co/2WyCPG2EDW,15,CNN
215,0.5859,Thu Mar 08 08:44:04 +0000 2018,0.798,0.0,0.202,"The history of the ""ideal"" of female beauty and where that has left us https://t.co/PDiMEDwoq0‚Ä¶ https://t.co/UV7J4GlAEd",16,CNN
216,-0.3818,Thu Mar 08 08:33:13 +0000 2018,0.69,0.31,0.0,The risk lurking in the US mortgage market https://t.co/PS9Qy9axGs https://t.co/u37unc7jWN,17,CNN
217,-0.0762,Thu Mar 08 08:31:04 +0000 2018,0.925,0.075,0.0,"These high-performance cars, which are priced in the millions, can't be legally driven on public roads‚Ä¶ https://t.co/G1b2XXtfXw",18,CNN
218,-0.6486,Thu Mar 08 08:27:13 +0000 2018,0.655,0.269,0.076,"""The person who committed the crime should hide his face. Why should I?"" 

The man Laxmi Agarwal refused to marry t‚Ä¶ https://t.co/RMSzwVSjrv",19,CNN
219,0.4939,Thu Mar 08 08:20:12 +0000 2018,0.849,0.0,0.151,The Eiffel Tower lights up with the message #MaintenantOnAgit (#NowWeAct) projected on it to honor women‚Äôs rights a‚Ä¶ https://t.co/Mmqo67FFoE,20,CNN
220,0.0,Thu Mar 08 08:07:37 +0000 2018,1.0,0.0,0.0,NASA spacecraft Juno has collected new data on its mission to Jupiter revealing some of the swirling inner mysterie‚Ä¶ https://t.co/LfQAe7ZO72,21,CNN
221,0.5719,Thu Mar 08 07:46:09 +0000 2018,0.73,0.0,0.27,McDonald's is flipping its arches logo to celebrate #InternationalWomensDay with a W https://t.co/DNBBk4iQcs,22,CNN
222,-0.6486,Thu Mar 08 07:42:25 +0000 2018,0.655,0.269,0.076,"""The person who committed the crime should hide his face. Why should I?"" 

At 15, the man Laxmi Agarwal refused to‚Ä¶ https://t.co/XhlZiAMTka",23,CNN
223,-0.0516,Thu Mar 08 07:31:04 +0000 2018,0.811,0.099,0.09,"After age 13, no new brain cells are created in a brain region linked to learning, according to a new study‚Ä¶ https://t.co/m3ChHUsnXH",24,CNN
224,0.0,Thu Mar 08 07:25:30 +0000 2018,1.0,0.0,0.0,"Local law says that ""every head of household residing in the city limits is required to maintain a firearm"" in Kenn‚Ä¶ https://t.co/E0QukF9jxK",25,CNN
225,0.7003,Thu Mar 08 07:19:51 +0000 2018,0.726,0.0,0.274,An Australian energy company is giving hundreds of female employees a raise to make sure they get paid the same amo‚Ä¶ https://t.co/9DmyQcGXob,26,CNN
226,-0.2732,Thu Mar 08 07:16:18 +0000 2018,0.896,0.104,0.0,"After dedicating his season to a Parkland victim, Dwyane Wade of the Miami Heat visited Marjory Stoneman Douglas Hi‚Ä¶ https://t.co/DtE0zR1PSU",27,CNN
227,-0.7013,Thu Mar 08 07:08:00 +0000 2018,0.766,0.234,0.0,"Sen. Bernie Sanders: Chaos in the White House is a sign of ""a President who is, I think, not fit temperamentally to‚Ä¶ https://t.co/uXLuZNMHDP",28,CNN
228,-0.7783,Thu Mar 08 07:02:30 +0000 2018,0.726,0.274,0.0,"Father of Parkland school shooting victim rips new NRA video: ""If this was put out by a terrorist organization, we‚Ä¶ https://t.co/LQLlDNhSfc",29,CNN
229,0.2023,Thu Mar 08 06:52:43 +0000 2018,0.917,0.0,0.083,Top South Korean negotiators have left for the US to brief their American counterparts on the outcome of their hist‚Ä¶ https://t.co/KIVcCu0RW4,30,CNN
230,0.5574,Thu Mar 08 06:47:24 +0000 2018,0.854,0.0,0.146,"Tybre Faw traveled 7 hours to see his hero, Dem. Rep. John Lewis, who was in Selma, Alabama, to commemorate the 196‚Ä¶ https://t.co/kMr7AuNbsm",31,CNN
231,-0.5859,Thu Mar 08 06:45:54 +0000 2018,0.702,0.227,0.07,The British government will be forced on Thursday to address growing suspicions that Moscow may have been behind th‚Ä¶ https://t.co/0USBMSafaw,32,CNN
232,0.0,Thu Mar 08 06:44:38 +0000 2018,1.0,0.0,0.0,Can you recognize the Kennedys in 1938? They made a big splash in England when Joe Sr. became Ambassador from the U‚Ä¶ https://t.co/puSQPUjb4i,33,CNN
233,0.0,Thu Mar 08 06:31:05 +0000 2018,1.0,0.0,0.0,"The creator of Pepe the Frog, the once-innocent cartoon that was appropriated as a mascot of the alt-right, is suin‚Ä¶ https://t.co/lE9S9Fhuce",34,CNN
234,-0.7717,Thu Mar 08 06:31:03 +0000 2018,0.621,0.379,0.0,Lawmakers fear arming school staff could harm black and Hispanic students https://t.co/n2PxC9zbdA https://t.co/gQboUxG7rT,35,CNN
235,0.3818,Thu Mar 08 06:15:10 +0000 2018,0.898,0.0,0.102,"Find out who and what is making big waves in the worlds of tech, media and innovation. Sign up for PACIFIC, CNN‚Äôs n‚Ä¶ https://t.co/2LoPpEmlgy",36,CNN
236,0.0,Thu Mar 08 06:06:54 +0000 2018,1.0,0.0,0.0,The small village of Marumori in Japan produces what is known as heso daikon which translates as belly button radis‚Ä¶ https://t.co/zjLc9dYYJq,37,CNN
237,-0.8934,Thu Mar 08 06:01:09 +0000 2018,0.599,0.401,0.0,"Cecil the lion ""suffered incredible cruelty for at least 10 hours"" before he died, according to a new book‚Ä¶ https://t.co/Saw6W5MELJ",38,CNN
238,0.0,Thu Mar 08 05:47:11 +0000 2018,1.0,0.0,0.0,"On International Women's Day, CNN wants to know: What does living #AsEquals mean to you? https://t.co/aStVNQRgNK https://t.co/EoBa3MXtnw",39,CNN
239,0.0,Thu Mar 08 05:46:00 +0000 2018,1.0,0.0,0.0,A woman has found the world's oldest known message in a bottle after it washed up on an Australian beach. The messa‚Ä¶ https://t.co/w1M4x282h0,40,CNN
240,0.2263,Thu Mar 08 05:31:05 +0000 2018,0.718,0.118,0.164,Massive billboards in New York's Times Square honor victims of the Florida high school shooting‚Ä¶ https://t.co/Y6uG5XB9uk,41,CNN
241,0.4939,Thu Mar 08 05:21:34 +0000 2018,0.849,0.0,0.151,The Eiffel Tower lights up with the message #MaintenantOnAgit (#NowWeAct) projected on it to honor women‚Äôs rights a‚Ä¶ https://t.co/9csMZmx8VT,42,CNN
242,0.2263,Thu Mar 08 05:16:00 +0000 2018,0.739,0.113,0.148,Tired of winter? Cherry blossom season is on its way. Japan should start seeing these lovely flowers toward the end‚Ä¶ https://t.co/NNJIp7aAcs,43,CNN
243,0.0,Thu Mar 08 05:14:20 +0000 2018,1.0,0.0,0.0,NASA spacecraft Juno has collected new data on its mission to Jupiter revealing some of the swirling inner mysterie‚Ä¶ https://t.co/9dMxEa1wiP,44,CNN
244,0.4588,Thu Mar 08 05:06:41 +0000 2018,0.672,0.101,0.227,"The cast of ""Modern Family"" voices support for ""common-sense gun laws"" putting support behind the students of Parkl‚Ä¶ https://t.co/lqDImmelHJ",45,CNN
245,0.5859,Thu Mar 08 05:01:09 +0000 2018,0.798,0.0,0.202,"The history of the ""ideal"" of female beauty and where that has left us https://t.co/KMwjxhlTbl‚Ä¶ https://t.co/HoQOnaBfZ3",46,CNN
246,0.0,Thu Mar 08 04:46:02 +0000 2018,1.0,0.0,0.0,Univision's CEO plots his retirement amid changes at the Spanish-language broadcaster https://t.co/RZgDUCowiK https://t.co/DDYjoaz2co,47,CNN
247,-0.296,Thu Mar 08 04:42:46 +0000 2018,0.885,0.115,0.0,Confusion abounded late Wednesday in the West Wing over US President Donald Trump's impending trade announcement ro‚Ä¶ https://t.co/fPZ3qEqTE1,48,CNN
248,0.0,Thu Mar 08 04:31:06 +0000 2018,1.0,0.0,0.0,The kind of floods we've only seen during storms might someday become regular events as sea levels rise due to glob‚Ä¶ https://t.co/MMv3GWUEWE,49,CNN
249,0.0,Thu Mar 08 04:17:24 +0000 2018,1.0,0.0,0.0,Ex-Uber CEO Travis Kalanick launches his comeback with new fund https://t.co/f1DQZDanaI https://t.co/nPlnHD8ohr,50,CNN
250,0.0,Thu Mar 08 04:16:05 +0000 2018,1.0,0.0,0.0,"For the first time, the NCAA has surpassed $1 billion in annual revenue https://t.co/KTMxksqkL9 https://t.co/XwjByXZh64",51,CNN
251,0.6369,Thu Mar 08 04:07:47 +0000 2018,0.802,0.0,0.198,Do you love sake? Football star and sake connoseeaur Hidetoshi Nakata has some tips for you https://t.co/eqXMoATui0 https://t.co/RUemuZYuou,52,CNN
252,-0.4019,Thu Mar 08 04:01:03 +0000 2018,0.87,0.13,0.0,"It's quiet in the house. Then, you hear a disembodied voice let out a short, mocking cackle.

You're (probably) not‚Ä¶ https://t.co/HpwP3ZtU4n",53,CNN
253,0.0,Thu Mar 08 03:46:07 +0000 2018,1.0,0.0,0.0,Broadcom has a message for US regulators: We'll make 5G technology a priority and invest in America if you let our‚Ä¶ https://t.co/IOdiWZ5Ysy,54,CNN
254,0.0,Thu Mar 08 03:41:08 +0000 2018,1.0,0.0,0.0,Senate Judiciary Chairman Chuck Grassley has scheduled a hearing for the committee on the shooting last month in Pa‚Ä¶ https://t.co/ilVVwepXtS,55,CNN
255,0.4215,Thu Mar 08 03:39:42 +0000 2018,0.827,0.053,0.12,"RT @CNNTonight: ""It's hard to believe that 11 days before the election, the President did not know what his close friend and personal attor‚Ä¶",56,CNN
256,0.0,Thu Mar 08 03:36:06 +0000 2018,1.0,0.0,0.0,"""This is so manipulative."" That's how an anchor at a local TV station owned by Sinclair described the company's lat‚Ä¶ https://t.co/MU2guZzjhj",57,CNN
257,0.2023,Thu Mar 08 03:34:24 +0000 2018,0.878,0.0,0.122,5 top women in world architecture: 'Now is our time' https://t.co/GV1Kza2jcm #InternationalWomensDay via @CNNStyle https://t.co/LWcW1vuSq9,58,CNN
258,0.0516,Thu Mar 08 03:31:08 +0000 2018,0.784,0.103,0.113,"Richard Painter, a former White House ethics lawyer for President George W. Bush and a prominent critic of Presiden‚Ä¶ https://t.co/Yg9C6mPkfg",59,CNN
259,-0.25,Thu Mar 08 03:27:10 +0000 2018,0.905,0.095,0.0,The head of the US Forest Service has resigned amid reports that the agency was looking into misconduct allegations‚Ä¶ https://t.co/fCQ9kRkihN,60,CNN
260,-0.7013,Thu Mar 08 03:24:32 +0000 2018,0.766,0.234,0.0,"Sen. Bernie Sanders: Chaos in the White House is a sign of ""a President who is, I think, not fit temperamentally to‚Ä¶ https://t.co/vkP9xyeQEc",61,CNN
261,0.0258,Thu Mar 08 03:16:07 +0000 2018,0.916,0.0,0.084,Why Sarah Sanders' non-answer on Stormy Daniels matters | Analysis by @CillizzaCNN https://t.co/VkPthqUd0s https://t.co/GM7kxLPi6E,62,CNN
262,0.0,Thu Mar 08 03:12:20 +0000 2018,1.0,0.0,0.0,"RT @OutFrontCNN: ""The Russia investigation is not about the President, it's about foreign influence in the election"" - Former Homeland Secu‚Ä¶",63,CNN
263,-0.3094,Thu Mar 08 03:06:57 +0000 2018,0.907,0.093,0.0,"RT @OutFrontCNN: What's in a name? Forget ""John Miller,"" or even ""John Baron."" The latest alleged alias to be used by Donald Trump? ""David‚Ä¶",64,CNN
264,-0.2732,Thu Mar 08 03:06:36 +0000 2018,0.89,0.11,0.0,"The attorney representing porn star Stormy Daniels, who is suing President Trump, says the White House's suggestion‚Ä¶ https://t.co/r1BSqBMDCN",65,CNN
265,0.0,Thu Mar 08 03:04:01 +0000 2018,1.0,0.0,0.0,"On #InternationalWomensDay, CNN wants to know what living #AsEquals means to you https://t.co/b6GtPV2DHC https://t.co/KpWgUlbdGn",66,CNN
266,-0.0258,Thu Mar 08 03:01:04 +0000 2018,0.945,0.055,0.0,The Senate is expected to consider legislation as early as Monday that is aimed at preventing online sex traffickin‚Ä¶ https://t.co/j6RIF0iNCM,67,CNN
267,0.0,Thu Mar 08 03:00:23 +0000 2018,1.0,0.0,0.0,"""What you're seeing is the corruption of the American political system"": Independent Sen. Bernie Sanders discusses‚Ä¶ https://t.co/0sr2IWaZDu",68,CNN
268,0.5106,Thu Mar 08 02:51:07 +0000 2018,0.845,0.0,0.155,"In saying goodbye to Cohn, Trump has his eyes on the prize | By Errol Louis via @CNNOpinion https://t.co/U9BNQ9yMmB https://t.co/6a8bO5kbYA",69,CNN
269,-0.1531,Thu Mar 08 02:42:08 +0000 2018,0.873,0.127,0.0,Republican senators already miss White House economic adviser Gary Cohn https://t.co/QANQ7vBe6q https://t.co/yN1KunjtfF,70,CNN
270,0.6249,Thu Mar 08 02:37:41 +0000 2018,0.812,0.0,0.188,"RT @AC360: Stormy Daniels ""wants an opportunity to tell her story, to tell the truth about what happened and what didn't happen,"" says her‚Ä¶",71,CNN
271,0.4939,Thu Mar 08 02:36:33 +0000 2018,0.849,0.0,0.151,The Eiffel Tower lights up with the message #MaintenantOnAgit (#NowWeAct) projected on it to honor women‚Äôs rights a‚Ä¶ https://t.co/RHqaW7QMfC,72,CNN
272,0.25,Thu Mar 08 02:31:57 +0000 2018,0.857,0.0,0.143,"Republican Sen. Marco Rubio and Democratic Sen. Bill Nelson say that they want states to adopt so-called ""red flag""‚Ä¶ https://t.co/AMb6zEE83m",73,CNN
273,0.7227,Thu Mar 08 02:22:26 +0000 2018,0.798,0.0,0.202,Texas could make history by sending not just one¬†‚Äî but two ‚Äî Hispanic women to Congress. These candidates won in sa‚Ä¶ https://t.co/GURwBN72SK,74,CNN
274,0.0,Thu Mar 08 02:20:40 +0000 2018,1.0,0.0,0.0,Chelsea Clinton explains why Ivanka Trump -- unlike other children of Presidents -- should expect criticism‚Ä¶ https://t.co/xiezWiCeZd,75,CNN
275,0.0,Thu Mar 08 02:13:55 +0000 2018,1.0,0.0,0.0,The Department of Housing and Urban Development is looking to remove anti-discrimination language from its mission‚Ä¶ https://t.co/6y6o9gEF8g,76,CNN
276,-0.7783,Thu Mar 08 02:13:14 +0000 2018,0.726,0.274,0.0,"Father of Parkland school shooting victim rips new NRA video: ""If this was put out by a terrorist organization, we‚Ä¶ https://t.co/DZnT4JXwBK",77,CNN
277,-0.8839,Thu Mar 08 01:53:03 +0000 2018,0.636,0.364,0.0,President Trump has signaled that he believes violence in video games is partly to blame for real life violence. He‚Ä¶ https://t.co/gh77JIKBDw,78,CNN
278,0.0,Thu Mar 08 01:49:05 +0000 2018,1.0,0.0,0.0,Porn star Stormy Daniels' attorney says President Trump's personal lawyer had a restraining order issued against he‚Ä¶ https://t.co/bZNG8pVyhr,79,CNN
279,-0.6808,Thu Mar 08 01:46:59 +0000 2018,0.761,0.239,0.0,"RT @AC360: Porn star Stormy Daniels' lawsuit against Donald Trump ""leaves no doubt"" that she said she had an affair with Trump, according t‚Ä¶",80,CNN
280,-0.2263,Thu Mar 08 01:46:13 +0000 2018,0.909,0.091,0.0,"Britain's Boris Johnson says the UK would respond ""robustly"" if Russia is found to be behind the suspected poisonin‚Ä¶ https://t.co/v8xhF5rJtG",81,CNN
281,0.0,Thu Mar 08 01:38:28 +0000 2018,1.0,0.0,0.0,"‚ÄúThat is simply, flat out not true‚Äù - @AndersonCooper on the White House saying that President Trump has directly a‚Ä¶ https://t.co/Yp9Fs0syTD",82,CNN
282,0.0,Thu Mar 08 01:33:22 +0000 2018,1.0,0.0,0.0,"The USS Carl Vinson has moored just off the coast of Da Nang, Vietnam. It is the first time a US Navy aircraft carr‚Ä¶ https://t.co/ShTR0aAYR5",83,CNN
283,0.0,Thu Mar 08 01:19:01 +0000 2018,1.0,0.0,0.0,"Democrats say a Trump associate may have misled a House panel over a meeting in the Seychelles islands, a trip that‚Ä¶ https://t.co/MeRpj3sKfd",84,CNN
284,0.4019,Thu Mar 08 01:07:09 +0000 2018,0.87,0.0,0.13,"President Trump asked his former chief of staff Reince Priebus if special counsel investigators had been ""nice"" dur‚Ä¶ https://t.co/dcqW7xr4u8",85,CNN
285,0.1531,Thu Mar 08 01:03:01 +0000 2018,0.783,0.096,0.122,The Florida state House has passed a school safety bill that would impose new restrictions on firearm sales and all‚Ä¶ https://t.co/SqwoHDHBot,86,CNN
286,0.0,Thu Mar 08 00:51:20 +0000 2018,1.0,0.0,0.0,Here's what the winter storm did to a New Jersey man's car in just four hours. Follow latest updates:‚Ä¶ https://t.co/GNixkerFcj,87,CNN
287,-0.4767,Thu Mar 08 00:48:11 +0000 2018,0.78,0.22,0.0,The biggest thing Trump gets wrong on trade https://t.co/ppTN4g2H3H via @CNNMoney https://t.co/jPG0Jzx30M,88,CNN
288,-0.1779,Thu Mar 08 00:32:05 +0000 2018,0.606,0.19,0.203,The National Comprehensive Cancer Network often publishes clinical practice guidelines that help shape the course o‚Ä¶ https://t.co/YP3ze4Fokl,89,CNN
289,-0.569,Thu Mar 08 00:23:47 +0000 2018,0.81,0.19,0.0,"RT @OutFrontCNN: ""There's no way he didn't know...it's not plausible that this was not done to benefit the campaign"" - Former prosecutor We‚Ä¶",90,CNN
290,-0.0516,Thu Mar 08 00:19:20 +0000 2018,0.811,0.099,0.09,"After age 13, no new brain cells are created in a brain region linked to learning, according to a new study‚Ä¶ https://t.co/YRjN13uu0i",91,CNN
291,0.0,Thu Mar 08 00:16:08 +0000 2018,1.0,0.0,0.0,"The Trump administration has quietly said it will consider big game trophy imports on a ""case-by-case"" basis‚Ä¶ https://t.co/MsfL9ZoPfE",92,CNN
292,-0.4215,Thu Mar 08 00:15:11 +0000 2018,0.882,0.118,0.0,"In 1965, John Lewis was beaten by white police as he led a march in Selma, Alabama, for voting rights. Nearly every‚Ä¶ https://t.co/HSTg7AONqM",93,CNN
293,0.0,Thu Mar 08 00:03:04 +0000 2018,1.0,0.0,0.0,Gary Cohn is the latest Goldman Sachs alum to ill-serve America | By Jeffrey Sachs via @CNNOpinion‚Ä¶ https://t.co/sCOG7DS0vu,94,CNN
294,-0.4404,Wed Mar 07 23:54:15 +0000 2018,0.884,0.116,0.0,"RT @CNNSitRoom: Dem. Rep. Jim Himes says if there is behavior behind the Stormy Daniels scandal ""that would make the President possibly sub‚Ä¶",95,CNN
295,-0.5994,Wed Mar 07 23:54:08 +0000 2018,0.843,0.157,0.0,"A death row inmate whose execution was ""botched and bloody,"" as the inmate's lawyer put it, is asking not to be put‚Ä¶ https://t.co/G7PZwmxFkX",96,CNN
296,0.0,Wed Mar 07 23:49:33 +0000 2018,1.0,0.0,0.0,"Two students were involved in a shooting during dismissal time at a high school in Birmingham, Alabama, the city sc‚Ä¶ https://t.co/LHnUg7sMQ5",97,CNN
297,0.7184,Wed Mar 07 23:45:57 +0000 2018,0.714,0.0,0.286,"Florida lawmakers have approved the ""Sunshine Protection Act,"" which would keep Daylight Saving Time going througho‚Ä¶ https://t.co/QRlMe11zDK",98,CNN
298,-0.6983,Wed Mar 07 23:35:01 +0000 2018,0.746,0.254,0.0,"Rep. Jim Himes on the Trump and Stormy Daniels scandal: ""This is just one more absurd, embarrassing distraction""‚Ä¶ https://t.co/li1Twylhm7",99,CNN
299,0.0,Wed Mar 07 23:32:23 +0000 2018,1.0,0.0,0.0,The kind of floods we've only seen during storms might someday become regular events as sea levels rise due to glob‚Ä¶ https://t.co/U9lg3rdY6A,100,CNN
300,0.0516,Wed Mar 07 23:30:45 +0000 2018,0.699,0.145,0.156,Former White House Communications Director Hope Hicks told Congress her email was hacked. #SpecialReport https://t.co/1NjrRJ7vcU,1,FoxNews
301,0.0,Wed Mar 07 23:26:23 +0000 2018,1.0,0.0,0.0,'Where Is Their Disavowal?': @kimguilfoyle Rips Group of House Dems for Farrakhan Connections https://t.co/rnIybLHgoA,2,FoxNews
302,-0.2732,Wed Mar 07 23:22:11 +0000 2018,0.861,0.139,0.0,".@ChuckGrassley: Trade tariffs do not put America First ‚Äì low barriers, expanded access do https://t.co/zf4PX0wrFo",3,FoxNews
303,-0.2263,Wed Mar 07 23:18:35 +0000 2018,0.888,0.112,0.0,The Trump administration has filed a lawsuit against California over its immigration policies. @ClaudiaCowan1 has t‚Ä¶ https://t.co/yLhIYCCMMP,4,FoxNews
304,-0.7783,Wed Mar 07 23:07:04 +0000 2018,0.449,0.438,0.112,Suspended Yale student from Afghanistan is acquitted of rape charge https://t.co/BbDLIN1KLs,5,FoxNews
305,0.0,Wed Mar 07 23:01:44 +0000 2018,1.0,0.0,0.0,Prehistoric cave believed to be 10 million years old found in Texas https://t.co/soDR6ERWVT,6,FoxNews
306,0.5574,Wed Mar 07 22:58:00 +0000 2018,0.777,0.0,0.223,"""The American dream is back and stronger than ever.""

WATCH: President @realDonaldTrump's full remarks to the Latin‚Ä¶ https://t.co/gyIUa3nMJu",7,FoxNews
307,-0.5423,Wed Mar 07 22:57:23 +0000 2018,0.741,0.259,0.0,Astronaut @StationCDRKelly: How I went from bad student to space star https://t.co/an4h4oguWq,8,FoxNews
308,0.0,Wed Mar 07 22:57:00 +0000 2018,1.0,0.0,0.0,"""After years of rebuilding other countries - and we have built a lot of countries - it's time to start building our‚Ä¶ https://t.co/LLxPyrZ4Jx",9,FoxNews
309,0.0,Wed Mar 07 22:45:10 +0000 2018,1.0,0.0,0.0,He's 16 and he's gigantic: Meet world's tallest teenager https://t.co/olVDThiU1Z,10,FoxNews
310,0.8225,Wed Mar 07 22:39:00 +0000 2018,0.714,0.0,0.286,".@TomiLahren: ""I think [@tedcruz's] going to win. I think he's going to win big, as are the rest of the Republicans‚Ä¶ https://t.co/ZLjpFFOw5T",11,FoxNews
311,-0.5106,Wed Mar 07 22:32:00 +0000 2018,0.823,0.177,0.0,INSTANT CAR-MA?: This suspected drunk driver was in the middle of fleeing from police when he jumped out of his car‚Ä¶ https://t.co/IxEtnNkbdy,12,FoxNews
312,0.3832,Wed Mar 07 22:30:00 +0000 2018,0.822,0.0,0.178,".@DarrellIssa Rips @JerryBrownGov, @AGBecerra: 'Making My State Less Safe' and Endangering Others‚Ä¶ https://t.co/nE4hnQaWn8",13,FoxNews
313,0.0,Wed Mar 07 22:24:34 +0000 2018,1.0,0.0,0.0,"Trump's sanctions and hardline rhetoric brought North Korea to negotiating table, experts say https://t.co/7TV4uikr7P",14,FoxNews
314,0.0,Wed Mar 07 22:15:00 +0000 2018,1.0,0.0,0.0,"AG Sessions: ""Here's my message to Mayor @LibbySchaaf: 'How dare you? How dare you needlessly endanger the lives of‚Ä¶ https://t.co/jjnbvzOdCu",15,FoxNews
315,-0.8166,Wed Mar 07 22:10:53 +0000 2018,0.694,0.306,0.0,".@JesseBWatters: ""Sessions should throw the book at this mayor... These are bad hombres. So keeping criminals in ci‚Ä¶ https://t.co/AcFY3aTVAA",16,FoxNews
316,0.5574,Wed Mar 07 22:09:57 +0000 2018,0.847,0.0,0.153,"RT @FoxBusiness: .@CoxEnterprises said Wednesday the majority of its employees will receive bonuses of up to $2,000 following the passage o‚Ä¶",17,FoxNews
317,-0.5106,Wed Mar 07 22:03:00 +0000 2018,0.852,0.148,0.0,".@AGBecerra: ""You could trace all of this back to the fact that... the Trump Administration has just failed utterly‚Ä¶ https://t.co/MzopIy1Adx",18,FoxNews
318,0.128,Wed Mar 07 22:00:01 +0000 2018,0.919,0.0,0.081,TONIGHT: Attorney General Jeff Sessions sits down with @ShannonBream for an exclusive interview on ‚ÄúFox News @ Nigh‚Ä¶ https://t.co/rGsZPoLQpP,19,FoxNews
319,0.0,Wed Mar 07 21:55:52 +0000 2018,1.0,0.0,0.0,"RT @FoxNewsResearch: Annual U.S. Trade Deficits ‚Üí
- in billions
‚Ä¢2017: ($568.4)
‚Ä¢2016: ($504.7)
‚Ä¢2015: ($500.4)
‚Ä¢2014: ($490.3)
‚Ä¢2013: ($46‚Ä¶",20,FoxNews
320,-0.4939,Wed Mar 07 21:53:20 +0000 2018,0.625,0.375,0.0,Winery charges patrons $72 to cut birthday cake https://t.co/8XlXjnn6jq,21,FoxNews
321,0.4588,Wed Mar 07 21:48:43 +0000 2018,0.833,0.0,0.167,OPINION: Americans should applaud @realDonaldTrump for starting to end our nation's wholesale surrender on trade https://t.co/BtxSeUTelG,22,FoxNews
322,-0.34,Wed Mar 07 21:44:18 +0000 2018,0.897,0.103,0.0,"Doug Burns on Oakland mayor warning of ICE raids: ""Had she said 'it's gonna be Saturday morning, 8 a.m. at such and‚Ä¶ https://t.co/OXqVfjAN1S",23,FoxNews
323,0.0,Wed Mar 07 21:35:48 +0000 2018,1.0,0.0,0.0,"Bre Payton on denuclearizing NoKo: ""Before @realDonaldTrump, denuclearization was not on the table. North Korea was‚Ä¶ https://t.co/HZJzdujU4O",24,FoxNews
324,0.34,Wed Mar 07 21:35:12 +0000 2018,0.821,0.0,0.179,RT @FoxBusiness: Fed Beige Book: Tax overhaul is boosting US wages  https://t.co/IHCIMB9uH7,25,FoxNews
325,-0.5719,Wed Mar 07 21:34:36 +0000 2018,0.802,0.198,0.0,"Trump administration to turn over documents related to Obama-era Operation Fast and Furious - via @brookefoxnews 
https://t.co/wmGyREf6U4",26,FoxNews
326,-0.765,Wed Mar 07 21:33:35 +0000 2018,0.664,0.336,0.0,"Trading barbs over Texas Senate seat, Cruz, O'Rourke waste no time in battle for midterms- via @brookefoxnews 
https://t.co/yhyASTVOQc",27,FoxNews
327,-0.3818,Wed Mar 07 21:25:14 +0000 2018,0.776,0.224,0.0,"Pennsylvania, New Jersey battle second nor'easter in one week https://t.co/GB7Wx1NBNx",28,FoxNews
328,0.0,Wed Mar 07 21:20:02 +0000 2018,1.0,0.0,0.0,'Sex and the City' Actress Cynthia Nixon could be New York's next governor: A look at her political activism https://t.co/bBZcqv6Qn8,29,FoxNews
329,-0.296,Wed Mar 07 21:20:00 +0000 2018,0.879,0.121,0.0,"AG Sessions: ""Stop treating immigration agents differently of everybody else for the purpose of eviscerating border‚Ä¶ https://t.co/yDzpkefM7n",30,FoxNews
330,0.0,Wed Mar 07 21:12:42 +0000 2018,1.0,0.0,0.0,California sanctuary laws. https://t.co/XNPzslLHW8,31,FoxNews
331,0.0,Wed Mar 07 21:12:32 +0000 2018,1.0,0.0,0.0,"RT @FoxBusiness: #BreakingNews: Stocks stage a comeback into the close as @WhiteHouse talks tariff ""carve outs."" The S&amp;P 500 finished posit‚Ä¶",32,FoxNews
332,0.2732,Wed Mar 07 21:10:00 +0000 2018,0.851,0.0,0.149,Surprise baby: Woman who thought she had kidney infection was in labor https://t.co/t7QUrBKonu,33,FoxNews
333,-0.7003,Wed Mar 07 21:05:00 +0000 2018,0.547,0.453,0.0,"Several injured in Vienna knife attack, reports say  https://t.co/gMIfsKTj6k",34,FoxNews
334,-0.2023,Wed Mar 07 20:58:00 +0000 2018,0.488,0.311,0.201,Struggling Domino's Pizza delivery driver shocked by church's generous tip https://t.co/81VQxrsU6M,35,FoxNews
335,-0.5267,Wed Mar 07 20:54:00 +0000 2018,0.61,0.299,0.091,Inmate escapes after guard transporting prisoners stops at casino in St. Louis https://t.co/5SoVmhtBo0,36,FoxNews
336,0.0,Wed Mar 07 20:46:00 +0000 2018,1.0,0.0,0.0,Actress Taylor Hickson sues production company over on-set disfigurement https://t.co/bbXQEAoutU,37,FoxNews
337,0.5859,Wed Mar 07 20:43:00 +0000 2018,0.759,0.0,0.241,Danica Patrick says she's going to the Indy 500 to win it https://t.co/cUHfYpznFH,38,FoxNews
338,0.4215,Wed Mar 07 20:39:00 +0000 2018,0.843,0.0,0.157,"Rep. King: Dems Hoping Russia Probe Will 'Never End,' Are Leaking Closed Testimony to Media https://t.co/rspMT2wZYQ",39,FoxNews
339,0.0,Wed Mar 07 20:32:58 +0000 2018,1.0,0.0,0.0,Daylight saving time: When and why we spring clocks forward https://t.co/Yf18NuF73S,40,FoxNews
340,0.4215,Wed Mar 07 20:22:41 +0000 2018,0.833,0.0,0.167,".@RepPeteKing: Dems Hoping Russia Probe Will 'Never End,' Are Leaking Closed Testimony to Media‚Ä¶ https://t.co/R2HWRVDUWL",41,FoxNews
341,-0.128,Wed Mar 07 20:13:33 +0000 2018,0.923,0.077,0.0,".@PressSec on @POTUS' advisers: ""At the end of the day, the American people voted overwhelmingly for President Dona‚Ä¶ https://t.co/iSiw6ThQ6i",42,FoxNews
342,-0.6908,Wed Mar 07 20:09:53 +0000 2018,0.68,0.32,0.0,Connecticut Governor @GovMalloyOffice: The @NRA Has Become a 'Terrorist Organization' https://t.co/7GmpB2IrU7 https://t.co/KKTyNEBgwm,43,FoxNews
343,0.743,Wed Mar 07 20:06:46 +0000 2018,0.711,0.0,0.289,".@PressSec on trade talks with China: ""[@POTUS] feels like the United States has been taken advantage of for far to‚Ä¶ https://t.co/1kPgglH79b",44,FoxNews
344,-0.2263,Wed Mar 07 20:02:17 +0000 2018,0.829,0.107,0.063,".@PressSec on admin resignations: ""This is an intense place, as [is] every @WhiteHouse, and it's not abnormal that‚Ä¶ https://t.co/A11fP4JkLU",45,FoxNews
345,-0.3818,Wed Mar 07 19:57:21 +0000 2018,0.833,0.167,0.0,".@PressSec: ""@SenSchumer is blocking nominees indiscriminately. He forces time-wasting procedural votes on nominees‚Ä¶ https://t.co/PlGewVUYix",46,FoxNews
346,0.0,Wed Mar 07 19:45:55 +0000 2018,1.0,0.0,0.0,.@PressSec holds a White House briefing.  https://t.co/9P6qJX3VQm,47,FoxNews
347,-0.6908,Wed Mar 07 19:27:52 +0000 2018,0.63,0.37,0.0,Connecticut Governor: The NRA Has Become 'Terrorist Organization' https://t.co/YKeBWSBmdr,48,FoxNews
348,0.0,Wed Mar 07 19:18:17 +0000 2018,1.0,0.0,0.0,Patriotic Teens Replace Family's Tattered American Flag https://t.co/4o6xzuDxKW,49,FoxNews
349,-0.0258,Wed Mar 07 19:04:10 +0000 2018,0.659,0.174,0.168,North Korean defector describes nation's perception of United States; @EricShawnTV reports. #OutnumberedOT https://t.co/eAjIACofoO,50,FoxNews
350,-0.7579,Wed Mar 07 18:58:16 +0000 2018,0.683,0.317,0.0,"BREAKING NEWS: Nikolas Cruz formally charged with 17 counts of murder in Valentine‚Äôs Day massacre
https://t.co/dPIkZIM2Ce",51,FoxNews
351,0.0,Wed Mar 07 18:54:19 +0000 2018,1.0,0.0,0.0,".@kayleighmcenany on #TXprimary: ""Not a blue wave at all... We had a half million more voters."" #OutnumberedOT https://t.co/ItayHmASza",52,FoxNews
352,0.0,Wed Mar 07 18:48:37 +0000 2018,1.0,0.0,0.0,U.S. Senate primary election in Texas - Total votes. https://t.co/S8pgT71CYq,53,FoxNews
353,0.7351,Wed Mar 07 18:48:09 +0000 2018,0.575,0.097,0.327,".@kayleighmcenany: ""@POTUS won Pennsylvania, Wisconsin - states no Republican has won since the 1980s. These states‚Ä¶ https://t.co/DklVOI583M",54,FoxNews
354,0.3182,Wed Mar 07 18:45:34 +0000 2018,0.85,0.0,0.15,".@Zac_Petkanas on #TXPrimary: ""We had a 105% increase in primary turnout over 2014."" #OutnumberedOT https://t.co/VygXUenluE",55,FoxNews
355,0.2933,Wed Mar 07 18:43:55 +0000 2018,0.825,0.0,0.175,".@RepPeteKing: ""Democrats want this to never end... There's no evidence at all of any Russian collusion.""‚Ä¶ https://t.co/rb6o5sS3Ez",56,FoxNews
356,0.4215,Wed Mar 07 18:42:36 +0000 2018,0.843,0.0,0.157,"RT @FoxBusiness: .@Target raises minimum wage to $12, with hopes of hitting $15 by 2020   https://t.co/G6X0SMQJUC",57,FoxNews
357,0.4767,Wed Mar 07 18:33:05 +0000 2018,0.807,0.0,0.193,"Google's artificial intelligence is being used by US military drone program, prompting concerns‚Ä¶ https://t.co/bdWNtsvNL4",58,FoxNews
358,0.0,Wed Mar 07 18:27:48 +0000 2018,1.0,0.0,0.0,Nikolas Cruz's jail records reveal details of gunman's behavior in days after Florida school shooting https://t.co/T7xE2t30AW,59,FoxNews
359,-0.5154,Wed Mar 07 18:21:02 +0000 2018,0.666,0.232,0.102,".@DarrellIssa: ""This is making my state less safe. And shame on my governor. Shame on my attorney general... Shame‚Ä¶ https://t.co/bWQaKIuQRM",60,FoxNews
360,0.4019,Wed Mar 07 18:14:29 +0000 2018,0.87,0.0,0.13,".@Judgenap: ""The Democratic Party that runs California is so beholden to the immigrant rights groups it is willing‚Ä¶ https://t.co/gidYEfWrpa",61,FoxNews
361,-0.6249,Wed Mar 07 18:10:36 +0000 2018,0.758,0.242,0.0,".@DarrellIssa: ""When California thwarts the law, those criminals don't all stay in California. They'll go to adjace‚Ä¶ https://t.co/Pu23SejFLm",62,FoxNews
362,-0.5106,Wed Mar 07 18:06:46 +0000 2018,0.852,0.148,0.0,".@AGBecerra: ""You could trace all of this back to the fact that... the Trump Administration has just failed utterly‚Ä¶ https://t.co/uGeDeDY6Ei",63,FoxNews
363,0.0,Wed Mar 07 18:00:35 +0000 2018,1.0,0.0,0.0,"Sessions unloads on California Dems for ‚Äòradical, open borders agenda‚Äô https://t.co/mEVgdv3CGT",64,FoxNews
364,0.0,Wed Mar 07 17:59:26 +0000 2018,1.0,0.0,0.0,RT @FoxBusiness: Gary Cohn and the meeting that may have ended his White House role https://t.co/RoHNVDAUZ1,65,FoxNews
365,-0.4215,Wed Mar 07 17:56:39 +0000 2018,0.833,0.167,0.0,".@ChelseaClinton pushes #MeToo, but gets no questions on @BillClinton's actions or Harvey Weinstein donations. https://t.co/ZokQijpJA5",66,FoxNews
366,0.3612,Wed Mar 07 17:54:39 +0000 2018,0.865,0.0,0.135,".@guypbenson: ""@BillClinton... is like the poster child of anti-#MeToo for much of his adult life."" #Outnumbered https://t.co/vtp9wlDKZ3",67,FoxNews
367,-0.4404,Wed Mar 07 17:50:43 +0000 2018,0.48,0.295,0.225,"Ingraham Hits Back at Bush Over Trump Jab: Endless War, Financial Crisis Was Not 'Pretty Good' https://t.co/sseZLyAxxb",68,FoxNews
368,-0.4939,Wed Mar 07 17:41:52 +0000 2018,0.824,0.176,0.0,"Breaking News: Ex-Russian spy, daughter poisoned by nerve agent in ‚Äòtargeted‚Äô act, British authorities say https://t.co/kOruZVejf8",69,FoxNews
369,0.0,Wed Mar 07 17:40:00 +0000 2018,1.0,0.0,0.0,"""After years of rebuilding other countries - and we have built a lot of countries - it's time to start building our‚Ä¶ https://t.co/s5jQPJFuwp",70,FoxNews
370,0.5574,Wed Mar 07 17:36:00 +0000 2018,0.777,0.0,0.223,"""The American dream is back and stronger than ever.""

WATCH: President @realDonaldTrump's full remarks to the Latin‚Ä¶ https://t.co/WrTzQ4oUBZ",71,FoxNews
371,-0.6369,Wed Mar 07 17:35:19 +0000 2018,0.724,0.276,0.0,".@HeyTammyBruce: Unchallenged liberalism leaves homelessness, drug abuse, garbage in its wake https://t.co/spgif91wB1",72,FoxNews
372,0.0,Wed Mar 07 17:22:41 +0000 2018,1.0,0.0,0.0,".@POTUS: ""This is our time. This is our moment. Go get DACA. Go push those Democrats."" https://t.co/5LyKi7Rhdo",73,FoxNews
373,0.5106,Wed Mar 07 17:20:24 +0000 2018,0.864,0.0,0.136,".@POTUS: ""When our people are free to live their lives and to follow their hearts, there is nothing, nothing at all‚Ä¶ https://t.co/PLpJygvgsV",74,FoxNews
374,0.0,Wed Mar 07 17:17:36 +0000 2018,1.0,0.0,0.0,".@POTUS: ""After years of rebuilding other countries - and we have built a lot of countries - it's time to start bui‚Ä¶ https://t.co/lYAVJHSJLU",75,FoxNews
375,0.0,Wed Mar 07 17:15:45 +0000 2018,1.0,0.0,0.0,".@POTUS: ""We're trying to have a DACA victory for everybody, by the way, and @TheDemocrats are nowhere to be found."" https://t.co/5gFedacT7G",76,FoxNews
376,0.4215,Wed Mar 07 17:12:49 +0000 2018,0.696,0.091,0.213,".@POTUS: ""Over 4 million workers have already received tax cut bonuses and the number continues to grow every singl‚Ä¶ https://t.co/IvI4bwUCse",77,FoxNews
377,0.25,Wed Mar 07 17:11:08 +0000 2018,0.895,0.0,0.105,".@POTUS: ""We've created nearly 3 million jobs since the election... Today we have more Hispanic Americans working t‚Ä¶ https://t.co/YgeBKEvQpK",78,FoxNews
378,0.5574,Wed Mar 07 17:08:09 +0000 2018,0.662,0.0,0.338,".@POTUS: ""The American dream is back and stronger than ever."" https://t.co/7bTimUkfJd",79,FoxNews
379,0.4404,Wed Mar 07 17:07:45 +0000 2018,0.854,0.0,0.146,".@POTUS: ""The Latino business community - and you folks are good business-people, I know that. I know that for a fa‚Ä¶ https://t.co/olUpbBNCmB",80,FoxNews
380,0.0,Wed Mar 07 17:03:00 +0000 2018,1.0,0.0,0.0,.@POTUS delivers remarks at the Latino Coalition Legislative Summit https://t.co/TKX1PD7a4r,81,FoxNews
381,-0.296,Wed Mar 07 16:58:00 +0000 2018,0.879,0.121,0.0,"AG Sessions: ""Stop treating immigration agents differently of everybody else for the purpose of eviscerating border‚Ä¶ https://t.co/1gb6XkjKur",82,FoxNews
382,0.0,Wed Mar 07 16:56:00 +0000 2018,1.0,0.0,0.0,"AG Sessions: ""Here's my message to Mayor @LibbySchaaf: 'How dare you? How dare you needlessly endanger the lives of‚Ä¶ https://t.co/7jcbr55IET",83,FoxNews
383,-0.0258,Wed Mar 07 16:47:26 +0000 2018,0.637,0.185,0.178,North Korean defector describes nation's perception of United States; @EricShawnTV reports. https://t.co/mKKu9NMxWG,84,FoxNews
384,-0.5106,Wed Mar 07 16:44:35 +0000 2018,0.784,0.216,0.0,NBA owner Mark Cuban was investigated for sexually assaulting woman in 2011 https://t.co/CYJKuXgUCD,85,FoxNews
385,-0.7351,Wed Mar 07 16:35:14 +0000 2018,0.763,0.237,0.0,"AG Sessions: ""According to Acting Dir. Homan, ICE failed to make 800 arrests that would have been made if the mayor‚Ä¶ https://t.co/Y8usTbNAHy",86,FoxNews
386,0.1027,Wed Mar 07 16:33:11 +0000 2018,0.766,0.108,0.126,"AG Sessions: ""Open borders is a radical, irrational idea that cannot be accepted... The United States of America is‚Ä¶ https://t.co/M9B7keO3Pm",87,FoxNews
387,0.0,Wed Mar 07 16:25:29 +0000 2018,1.0,0.0,0.0,".@RepMattGaetz: ""In 2015, there was a federal court filing where Russian officials were calling Carter Page an idio‚Ä¶ https://t.co/vCLWurwE9C",88,FoxNews
388,0.0,Wed Mar 07 16:19:55 +0000 2018,1.0,0.0,0.0,Attorney General Jeff Sessions makes a major sanctuary jurisdiction announcement https://t.co/6zAQn2UOUj https://t.co/9B55owLNC1,89,FoxNews
389,-0.6705,Wed Mar 07 16:15:35 +0000 2018,0.667,0.333,0.0,"Missouri officer killed, 2 wounded responding to 911 call https://t.co/HypEjnCtXg https://t.co/fGC2sXbkqN",90,FoxNews
390,0.0,Wed Mar 07 16:09:30 +0000 2018,1.0,0.0,0.0,.@JerryBrownGov tweets about AG Jeff Sessons' visit to California. https://t.co/6zAQn2UOUj https://t.co/qwzHvX3HYS,91,FoxNews
391,-0.2263,Wed Mar 07 16:05:19 +0000 2018,0.881,0.119,0.0,"COMING UP: AG Sessions expected to announce lawsuit against California over ""sanctuary state"" policies.‚Ä¶ https://t.co/lyp8UDAXIV",92,FoxNews
392,0.4019,Wed Mar 07 15:59:54 +0000 2018,0.803,0.0,0.197,"On @foxandfriends, @TomiLahren slammed the priorities of today's Democratic Party. https://t.co/fJMaI5NlPC https://t.co/EruzVc1p0L",93,FoxNews
393,-0.765,Wed Mar 07 15:52:37 +0000 2018,0.694,0.306,0.0,".@NancyPelosi slams California @ICEgov raid as 'unjust and cruel,' amid outcry over mayor's tipoff to immigrants
https://t.co/zvkVpNYiHy",94,FoxNews
394,0.0,Wed Mar 07 15:48:17 +0000 2018,1.0,0.0,0.0,.@seanspicer Blasts 'Carnival Barker' Jim @Acosta Over Twitter Spat With Sanders https://t.co/SmjFs04L2P,95,FoxNews
395,0.2584,Wed Mar 07 15:38:21 +0000 2018,0.903,0.0,0.097,".@TGowdySC: ""I don't know why the bureau would use opposition research in a court filing and they didn't bother to‚Ä¶ https://t.co/9noNZPTapQ",96,FoxNews
396,0.8225,Wed Mar 07 15:35:04 +0000 2018,0.714,0.0,0.286,".@TomiLahren: ""I think [@tedcruz's] going to win. I think he's going to win big, as are the rest of the Republicans‚Ä¶ https://t.co/X6CPVJRZhE",97,FoxNews
397,-0.34,Wed Mar 07 15:29:33 +0000 2018,0.806,0.194,0.0,First women attend Marine Combat Training Course at Camp Pendleton. https://t.co/HEs7GW2I0E,98,FoxNews
398,-0.2263,Wed Mar 07 15:27:01 +0000 2018,0.888,0.112,0.0,Sen. @KamalaHarris slammed President @realDonaldTrump and his AG after the Trump @TheJusticeDept filed a lawsuit ag‚Ä¶ https://t.co/Lq8M7s1afE,99,FoxNews
399,0.0,Wed Mar 07 15:25:40 +0000 2018,1.0,0.0,0.0,House Democratic leaders hold a news conference https://t.co/NrVJtslqyd,100,FoxNews
400,0.4019,Wed Mar 07 15:18:03 +0000 2018,0.617,0.136,0.247,"When her father's request for ""compassionate release"" was finally approved, prison officials told her he'd be comin‚Ä¶ https://t.co/SWp3DsZjrD",1,nytimes
401,0.4215,Wed Mar 07 15:11:06 +0000 2018,0.872,0.0,0.128,EU officials unveiled an array of tariffs that they would place on American-made goods if the United States imposed‚Ä¶ https://t.co/raGb0ZOtvu,2,nytimes
402,0.0,Wed Mar 07 15:00:37 +0000 2018,1.0,0.0,0.0,Morning¬†Briefing: Here's what you need to know to start your day https://t.co/CTZm6dLWwI https://t.co/5LoYSE9X98,3,nytimes
403,-0.0258,Wed Mar 07 14:50:11 +0000 2018,0.717,0.163,0.12,Jimmy Kimmel struck back at President Trump after Trump ribbed the Academy Awards show for its low ratings. Our lat‚Ä¶ https://t.co/vvXJEuZJ7Q,4,nytimes
404,0.743,Wed Mar 07 14:40:09 +0000 2018,0.741,0.0,0.259,The United States Holocaust Memorial Museum has revoked a prestigious human rights award it had given to Daw Aung S‚Ä¶ https://t.co/a7VU7BS5Cz,5,nytimes
405,-0.4404,Wed Mar 07 14:30:05 +0000 2018,0.879,0.121,0.0,"Cynthia Nixon, the ""Sex and the City"" actress, is studying up on the subway: It's a weak spot for Governor Cuomo, w‚Ä¶ https://t.co/Xy67VISSG9",6,nytimes
406,-0.3182,Wed Mar 07 14:15:08 +0000 2018,0.827,0.173,0.0,President Trump's claims are often contradicted by his own economic council https://t.co/y6Rrp52yFH,7,nytimes
407,0.3612,Wed Mar 07 14:00:14 +0000 2018,0.872,0.0,0.128,"""Turning off the buzzing breaking-news machine I carry in my pocket was like unshackling myself from a monster who‚Ä¶ https://t.co/uJoNbN2aeT",8,nytimes
408,-0.3875,Wed Mar 07 13:44:01 +0000 2018,0.859,0.141,0.0,Donald Trump intentionally never signed a nondisclosure agreement in 2016 so that he could later disavow knowledge‚Ä¶ https://t.co/QfnUpr91w9,9,nytimes
409,0.0,Wed Mar 07 13:30:20 +0000 2018,1.0,0.0,0.0,"Democrats in Texas's biggest cities came out in large numbers, but Republicans still cast more ballots over all https://t.co/W7zA9zgl9s",10,nytimes
410,-0.5267,Wed Mar 07 13:14:06 +0000 2018,0.848,0.152,0.0,"For the first time, a Belgian criminal court has convicted a man of ""sexism in the public space,"" for verbally abus‚Ä¶ https://t.co/Akm6HzLB6C",11,nytimes
411,0.0,Wed Mar 07 13:00:32 +0000 2018,1.0,0.0,0.0,Morning¬†Briefing: Here's what you need to know to start your day https://t.co/uJRYazQhjP https://t.co/4H4BoT74GQ,12,nytimes
412,-0.1531,Wed Mar 07 12:45:06 +0000 2018,0.802,0.113,0.085,"Gary Cohn, President Trump's top economic adviser, said that he would resign. His free-trade views clashed with Tru‚Ä¶ https://t.co/n3KOtz8jSg",13,nytimes
413,0.0,Wed Mar 07 12:30:08 +0000 2018,1.0,0.0,0.0,Full results and maps from the Texas primaries https://t.co/WhLZDBW58T,14,nytimes
414,0.0,Wed Mar 07 12:14:07 +0000 2018,1.0,0.0,0.0,A winter storm is set to blanket New York with snow this morning. Here's what you need to know for your commute: https://t.co/dElaiWOkhQ,15,nytimes
415,0.4215,Wed Mar 07 12:00:28 +0000 2018,0.872,0.0,0.128,South Korean envoys said that North Korea was open to negotiations with the United States over its nuclear program https://t.co/DoRWBTTx3q,16,nytimes
416,-0.128,Wed Mar 07 11:44:03 +0000 2018,0.753,0.134,0.113,Republicans fear that moving ahead with the tariffs could send the party ‚Äî not to mention the economy ‚Äî spiraling i‚Ä¶ https://t.co/0cuEHwIWWc,17,nytimes
417,0.0,Wed Mar 07 11:30:19 +0000 2018,1.0,0.0,0.0,Morning¬†Briefing: Here's what you need to know to start your day https://t.co/FQ9skfd8cD https://t.co/FOqSi6yT1I,18,nytimes
418,0.4215,Wed Mar 07 11:13:02 +0000 2018,0.882,0.0,0.118,The Northeast United States is bracing for the second major winter storm in less than a week. A foot of snow is exp‚Ä¶ https://t.co/Jb1W82k8bd,19,nytimes
419,0.0,Wed Mar 07 11:00:26 +0000 2018,1.0,0.0,0.0,"RT @PatrickKingsley: On Sunday, Sergey Skripal seems to have turned right past the library, down an alleyway, past the gym on the left, ove‚Ä¶",20,nytimes
420,0.0,Wed Mar 07 10:45:12 +0000 2018,1.0,0.0,0.0,How Trump's tariffs would affect Australia https://t.co/DxNa9Uoqdf,21,nytimes
421,0.296,Wed Mar 07 10:30:14 +0000 2018,0.816,0.071,0.112,"RT @nytimesworld: Millions of women and children work as sex slaves in India. Meet the woman who has put her life at risk to rescue 20,000‚Ä¶",22,nytimes
422,-0.8714,Wed Mar 07 10:16:06 +0000 2018,0.58,0.42,0.0,"""Citizens have become traumatized. People are confused and frightened and many more are refusing to return to their‚Ä¶ https://t.co/3I9mkvKTWT",23,nytimes
423,0.4215,Wed Mar 07 10:00:10 +0000 2018,0.877,0.0,0.123,"George Nader, an adviser to the United Arab Emirates who grew close to Steve Bannon and Jared Kushner, is cooperati‚Ä¶ https://t.co/EGTzbbvr4L",24,nytimes
424,0.4404,Wed Mar 07 09:44:01 +0000 2018,0.813,0.0,0.187,RT @nytimesworld: North Korea‚Äôs sudden willingness to bargain with the Trump administration over scrapping the North's atomic arsenal raise‚Ä¶,25,nytimes
425,-0.8126,Wed Mar 07 09:30:06 +0000 2018,0.709,0.291,0.0,"UN investigators have linked Russian forces to a possible war crime in Syria for the first time, reporting that a R‚Ä¶ https://t.co/ynSAIA0FwQ",26,nytimes
426,-0.5106,Wed Mar 07 09:16:04 +0000 2018,0.852,0.148,0.0,RT @nytimesworld: A jaywalker who insulted a female police officer has become the first man convicted under a Belgian law against public se‚Ä¶,27,nytimes
427,-0.3875,Wed Mar 07 09:02:03 +0000 2018,0.792,0.208,0.0,"Stormy Daniels files suit, claiming Trump never signed ""hush agreement"" https://t.co/M7cjoMjSYQ",28,nytimes
428,-0.5994,Wed Mar 07 08:47:02 +0000 2018,0.813,0.187,0.0,"RT @nytimesworld: As North Korea opens the door to diplomacy, an assassination leads to new American sanctions https://t.co/5EbNUH1qLJ",29,nytimes
429,-0.3612,Wed Mar 07 08:32:07 +0000 2018,0.8,0.2,0.0,"Low-effort, high-reward cooking for when you're hungry and exhausted https://t.co/BisvP4ThKl https://t.co/BFtCXRh0IA",30,nytimes
430,0.0,Wed Mar 07 08:17:02 +0000 2018,1.0,0.0,0.0,RT @AKannapell: What We‚Äôre Reading: @JaneMayerNYer on Christopher Steele (via @jimrutenberg) and @nkulish on tallness in @topicstories (via‚Ä¶,31,nytimes
431,0.4019,Wed Mar 07 08:09:43 +0000 2018,0.816,0.0,0.184,TRENDING: How Skipping Hotel Housekeeping Can Help the Environment and Your Wallet https://t.co/xygqPAPdZD,32,nytimes
432,0.0,Wed Mar 07 08:02:03 +0000 2018,1.0,0.0,0.0,"In one of China‚Äôs biggest cities, the women-only subway cars are full of men https://t.co/yvtLlhRESu",33,nytimes
433,0.0,Wed Mar 07 07:38:54 +0000 2018,1.0,0.0,0.0,"The actress Cynthia Nixon is talking with 2 veteran Democratic political operatives, a sign that she may be moving‚Ä¶ https://t.co/DUSvcFYKbv",34,nytimes
434,0.0,Wed Mar 07 07:21:27 +0000 2018,1.0,0.0,0.0,One famous designer chair is oozing goop. Another has exploded into puffs of foam. A bookcase‚Äôs shelves bubbled as‚Ä¶ https://t.co/3PXFWCB6Fn,35,nytimes
435,0.4404,Wed Mar 07 07:04:23 +0000 2018,0.868,0.0,0.132,"""It's always good news when you find penguins,"" a researcher says of the discovery of 1.5 million Ad√©lie penguins i‚Ä¶ https://t.co/RRHHQZW7LO",36,nytimes
436,0.4404,Wed Mar 07 06:48:04 +0000 2018,0.813,0.0,0.187,RT @nytimesworld: North Korea‚Äôs sudden willingness to bargain with the Trump administration over scrapping the North's atomic arsenal raise‚Ä¶,37,nytimes
437,0.0,Wed Mar 07 06:41:56 +0000 2018,1.0,0.0,0.0,"Texas Democrats Surge to Polls, in Show of Anti-Trump Sentiment https://t.co/PBsqMXisUY",38,nytimes
438,-0.8316,Wed Mar 07 06:21:01 +0000 2018,0.372,0.496,0.132,The organizer of the failed Fyre Festival pleaded guilty to federal fraud charges https://t.co/qCeFSNOPKz,39,nytimes
439,0.3182,Wed Mar 07 06:03:13 +0000 2018,0.769,0.086,0.145,"A cruise skeptic tries to enjoy 4 days on the high seas with his family, Mickey and a bunch of princesses https://t.co/novYdBgYIt",40,nytimes
440,0.4588,Wed Mar 07 05:47:04 +0000 2018,0.726,0.094,0.179,"RT @nytimestravel: Did @jadabird, our 52 Places Traveler, love @DisneySprings. No. But she did have some magical moments. https://t.co/eojt‚Ä¶",41,nytimes
441,0.0,Wed Mar 07 05:32:02 +0000 2018,1.0,0.0,0.0,How the shape of your ears affects what you hear https://t.co/Dzj8tebpZE,42,nytimes
442,0.3895,Wed Mar 07 05:17:02 +0000 2018,0.743,0.077,0.18,"RT @nytopinion: I got my son involuntarily committed, and it backfired. Laws like the Baker Act aren't a solution to our mental health cris‚Ä¶",43,nytimes
443,0.0,Wed Mar 07 05:02:10 +0000 2018,1.0,0.0,0.0,Here's the 2018 election calendar https://t.co/eEQxkRTuXK,44,nytimes
444,-0.7717,Wed Mar 07 04:58:41 +0000 2018,0.314,0.518,0.168,Organizer of Failed Fyre Festival Pleads Guilty to Fraud https://t.co/trsShlQG88,45,nytimes
445,0.0,Wed Mar 07 04:47:04 +0000 2018,1.0,0.0,0.0,"An employee at OpenTable booked hundreds of tables at Chicago restaurants, using a rival service, with the intent o‚Ä¶ https://t.co/83eBHqdn0t",46,nytimes
446,0.0,Wed Mar 07 04:32:05 +0000 2018,1.0,0.0,0.0,Texas primary election live results https://t.co/coi5RTaSHU,47,nytimes
447,-0.6249,Wed Mar 07 04:17:05 +0000 2018,0.758,0.242,0.0,"RT @MichaelPaulson: A ‚ÄòFrozen‚Äô bond: heartbreak, hard choices and high notes as Elsa and Anna arrive on Broadway. https://t.co/0YzLqsZ0ex",48,nytimes
448,0.0,Wed Mar 07 04:02:02 +0000 2018,1.0,0.0,0.0,"On the 20th anniversary of ‚ÄúThe Big Lebowski,‚Äù here's a list of streamable movies that follow in the footsteps of e‚Ä¶ https://t.co/q75khuckpv",49,nytimes
449,-0.3875,Wed Mar 07 03:48:08 +0000 2018,0.792,0.208,0.0,"Stormy Daniels files suit, claiming Trump never signed ""hush agreement"" https://t.co/PMNv95mel1",50,nytimes
450,-0.3818,Wed Mar 07 03:36:04 +0000 2018,0.894,0.106,0.0,"In the fight for equality, the U.S. women‚Äôs soccer team has emerged as a new kind of role model for women‚Äôs teams f‚Ä¶ https://t.co/o7rvCNUag2",51,nytimes
451,0.7003,Wed Mar 07 03:26:04 +0000 2018,0.736,0.0,0.264,RT @mattbpurdy: This is an important development. A possible link between the United Arab Emirates and Trump is helping Mueller in a new ph‚Ä¶,52,nytimes
452,-0.7506,Wed Mar 07 03:17:06 +0000 2018,0.726,0.274,0.0,"RT @nytpolitics: President Trump was infuriated by Gary Cohn‚Äôs decision to resign, denouncing him in private conversations as a ‚Äúglobalist‚Äù‚Ä¶",53,nytimes
453,0.0,Wed Mar 07 03:02:06 +0000 2018,1.0,0.0,0.0,"‚ÄúWho made history?‚Äù chanted the throng of red-clad West Virginia teachers, who had defied state officials by stagin‚Ä¶ https://t.co/QSW38TPcPi",54,nytimes
454,0.0,Wed Mar 07 02:47:04 +0000 2018,1.0,0.0,0.0,Texas primary election live results https://t.co/359hlxZEqI,55,nytimes
455,0.3818,Wed Mar 07 02:32:03 +0000 2018,0.867,0.0,0.133,"2-year-old Parker Curry, who captivated the internet with her reaction to Michelle Obama‚Äôs official portrait, got t‚Ä¶ https://t.co/gvKUu4Bp0O",56,nytimes
456,0.6597,Wed Mar 07 02:18:04 +0000 2018,0.531,0.173,0.296,RT @samdolnick: Matthew Ornstein was my childhood best friend. He died because of severe gaps in our mental health care system. His very sm‚Ä¶,57,nytimes
457,0.3182,Wed Mar 07 02:06:53 +0000 2018,0.732,0.102,0.166,Breaking News: The Justice Department is suing California over immigration laws that oppose President Trump's agend‚Ä¶ https://t.co/EneN6FIURj,58,nytimes
458,0.0,Wed Mar 07 02:02:05 +0000 2018,1.0,0.0,0.0,Evening Briefing: Here's what you need to know at the end of the day https://t.co/ordmqNjItR,59,nytimes
459,-0.8316,Wed Mar 07 01:47:01 +0000 2018,0.372,0.496,0.132,The organizer of the failed Fyre Festival pleaded guilty to federal fraud charges https://t.co/Evw6Deugfe,60,nytimes
460,0.2732,Wed Mar 07 01:32:07 +0000 2018,0.559,0.155,0.286,Your yard might play a surprisingly large role in fighting climate change https://t.co/ZtShJ61GEc,61,nytimes
461,0.0,Wed Mar 07 01:17:07 +0000 2018,1.0,0.0,0.0,Texas primary election live results https://t.co/jVvL9hRsF8,62,nytimes
462,0.0,Wed Mar 07 01:02:06 +0000 2018,1.0,0.0,0.0,"RT @nytgraphics: Watch live results from the Texas primaries, starting at 8 p.m. Eastern. https://t.co/CzTGFtmpUy",63,nytimes
463,0.0,Wed Mar 07 00:51:04 +0000 2018,1.0,0.0,0.0,Keep this page open for Texas primary election results when they come in https://t.co/A2mSbaV3BH,64,nytimes
464,0.7269,Wed Mar 07 00:47:01 +0000 2018,0.757,0.0,0.243,"RT @nytimesbooks: Gabriel Garcia Marquez wrote ""Love in the Time of Cholera"" as a nostalgic exploration of his parents' courtship. The auth‚Ä¶",65,nytimes
465,0.0,Wed Mar 07 00:32:06 +0000 2018,1.0,0.0,0.0,"Porsche has introduced a new all-electric vehicle, attempting to go head-to-head with Tesla https://t.co/XpKWkdqQQo",66,nytimes
466,0.0516,Wed Mar 07 00:17:06 +0000 2018,0.83,0.081,0.09,"Most Americans expect artificial intelligence to lead to job losses in the coming decade, but few see it coming for‚Ä¶ https://t.co/DKgdPLNRQk",67,nytimes
467,0.4019,Wed Mar 07 00:06:04 +0000 2018,0.886,0.0,0.114,"RT @amyfiscus: NEW: George Nader, the UAE adviser who grew close to Bannon and Kushner, is cooperating with the special counsel https://t.c‚Ä¶",68,nytimes
468,0.5574,Tue Mar 06 23:57:35 +0000 2018,0.827,0.0,0.173,An adviser to the United Arab Emirates grew close to top White House aides. Now he is said to be cooperating with t‚Ä¶ https://t.co/NzSVpcskt2,69,nytimes
469,0.4019,Tue Mar 06 23:54:40 +0000 2018,0.863,0.0,0.137,RT @adamgoldmanNYT: Breaking news: Adviser to Emirates With Ties to Trump Aides Is Cooperating With Special Counsel https://t.co/xr8QRjKtDu,70,nytimes
470,0.0,Tue Mar 06 23:47:01 +0000 2018,1.0,0.0,0.0,Evening Briefing: Here's what you need to know at the end of the day https://t.co/MAerJC6Nu4,71,nytimes
471,0.0,Tue Mar 06 23:32:04 +0000 2018,1.0,0.0,0.0,"The actress Cynthia Nixon is talking with 2 veteran Democratic political operatives, a sign that she may be moving‚Ä¶ https://t.co/zR9zcBxVBw",72,nytimes
472,0.4939,Tue Mar 06 23:17:04 +0000 2018,0.868,0.0,0.132,"RT @Nate_Cohn: NYT election night results for the Texas primary. Polls close at 8 eastern, and early votes should come pretty quick    http‚Ä¶",73,nytimes
473,0.2023,Tue Mar 06 23:03:04 +0000 2018,0.878,0.0,0.122,Here are the top officials in the Trump White House who have left https://t.co/CBoskDdasx,74,nytimes
474,0.8074,Tue Mar 06 22:51:00 +0000 2018,0.672,0.0,0.328,"‚ÄúHe is a rare talent, and I thank him for his dedicated service to the American people,‚Äù President Trump said about‚Ä¶ https://t.co/1O40Gky0F5",75,nytimes
475,0.0085,Tue Mar 06 22:41:06 +0000 2018,0.519,0.239,0.242,RT @katekelly: SCOOP: Gary Cohn resigns https://t.co/x4zPzVN8iO,76,nytimes
476,-0.1531,Tue Mar 06 22:32:35 +0000 2018,0.792,0.119,0.089,"Breaking News: Gary Cohn, President Trump‚Äôs top economic adviser, plans to resign. His free-trade views clashed wit‚Ä¶ https://t.co/8tBWrKAi9d",77,nytimes
477,-0.2263,Tue Mar 06 22:30:22 +0000 2018,0.588,0.23,0.182,RT @maggieNYT: scoop - Cohn resigning  Gary Cohn to Resign as Trump‚Äôs Top Economic adviser https://t.co/tS8iJRse6X,78,nytimes
478,0.0,Tue Mar 06 22:17:03 +0000 2018,1.0,0.0,0.0,Uber said its self-driving trucks had been carrying cargo on highways in Arizona for commercial freight customers o‚Ä¶ https://t.co/kj8GqYyiDW,79,nytimes
479,0.0,Tue Mar 06 21:56:01 +0000 2018,1.0,0.0,0.0,"RT @NYTObits: Alan Gershwin, a man who insisted for 70 years or so that he was the illegitimate son of George Gershwin, and who made a virt‚Ä¶",80,nytimes
480,0.0,Tue Mar 06 21:42:03 +0000 2018,1.0,0.0,0.0,"An employee at OpenTable booked hundreds of tables at Chicago restaurants, using a rival service, with the intent o‚Ä¶ https://t.co/H2kPuXg4RY",81,nytimes
481,-0.296,Tue Mar 06 21:28:06 +0000 2018,0.896,0.104,0.0,China was mentioned only in broad terms when Trump announced plans to impose tariffs on steel and aluminum imports.‚Ä¶ https://t.co/hyIKpH14Yu,82,nytimes
482,0.6344,Tue Mar 06 21:18:08 +0000 2018,0.812,0.0,0.188,"RT @BasseyE: There are few things more essentially joyful than an NYT comments section about Mr. Rodgers. 

https://t.co/cCFv57KRjF https:/‚Ä¶",83,nytimes
483,-0.3612,Tue Mar 06 21:08:04 +0000 2018,0.8,0.2,0.0,"Low-effort, high-reward cooking for when you're hungry and exhausted https://t.co/bZIEYqKJqs https://t.co/GW2KJO3SFJ",84,nytimes
484,-0.1027,Tue Mar 06 20:53:06 +0000 2018,0.733,0.142,0.125,"Bill Clinton, George Bush and Barack Obama have all experienced bursts of hope and then inevitable disappointment i‚Ä¶ https://t.co/yJylpWJvhe",85,nytimes
485,-0.7906,Tue Mar 06 20:38:04 +0000 2018,0.708,0.292,0.0,An Indian-born engineer was fatally shot last year after a Kansas man angrily asked him about his immigration statu‚Ä¶ https://t.co/WvKSe2gdlk,86,nytimes
486,0.4939,Tue Mar 06 20:23:06 +0000 2018,0.811,0.0,0.189,"While hosting Benjamin Netanyahu, Trump said he still had ‚Äúa good chance‚Äù of forging peace, but a deal seems furthe‚Ä¶ https://t.co/HfdLV6W7fS",87,nytimes
487,0.0,Tue Mar 06 20:08:05 +0000 2018,1.0,0.0,0.0,They've never run a restaurant before. But they're bringing Sanjeev Kapoor's cooking to America. https://t.co/kwL0W6LKng,88,nytimes
488,-0.5267,Tue Mar 06 19:53:03 +0000 2018,0.848,0.152,0.0,"For the first time, a Belgian criminal court has convicted a man of ‚Äúsexism in the public space‚Äù for verbally abusi‚Ä¶ https://t.co/EFst3EANcJ",89,nytimes
489,0.0,Tue Mar 06 19:38:05 +0000 2018,1.0,0.0,0.0,An NYT reader's reaction to Kim Jong-un reportedly telling South Korea he is willing to negotiate with the U.S. on‚Ä¶ https://t.co/lc7e7x6odK,90,nytimes
490,0.0,Tue Mar 06 19:23:03 +0000 2018,1.0,0.0,0.0,"On the 20th Anniversary of ‚ÄúThe Big Lebowski,‚Äù here's a list of streamable movies that follow in the footsteps of e‚Ä¶ https://t.co/oLwo4JfXS5",91,nytimes
491,-0.5574,Tue Mar 06 19:13:05 +0000 2018,0.874,0.126,0.0,"RT @NYTArchives: The artist Georgia O'Keeffe died at age 98 on this day in 1986. In her obituary, The Times said that ""she raised the aware‚Ä¶",92,nytimes
492,-0.2263,Tue Mar 06 19:03:05 +0000 2018,0.861,0.139,0.0,West Virginia lawmakers passed a 5% pay raise in a deal to end a teachers' strike that has shuttered schools for ne‚Ä¶ https://t.co/Uw3ySmhWeU,93,nytimes
493,0.2023,Tue Mar 06 18:48:32 +0000 2018,0.913,0.0,0.087,The corruption trial of a former top aide to Governor Andrew Cuomo could be headed to a mistrial after jurors said‚Ä¶ https://t.co/PNcdu5Uzse,94,nytimes
494,-0.1027,Tue Mar 06 18:20:12 +0000 2018,0.915,0.085,0.0,"RT @NYTNational: ‚ö°Ô∏è ‚ÄúWest Virginia leaders say a deal to raise teachers‚Äô pay may end strike‚Äù

https://t.co/NSjb9xC5Ym",95,nytimes
495,-0.4215,Tue Mar 06 18:10:09 +0000 2018,0.56,0.256,0.184,"If the mainstream media is a perennial enemy of the right, Big Tech is a fresh and novel foe https://t.co/LmKL26lpDo",96,nytimes
496,0.2411,Tue Mar 06 17:55:27 +0000 2018,0.897,0.0,0.103,"The destinies of Alexander Litvinenko and Sergei Skripal carry similarities that can't be ignored, offering proof t‚Ä¶ https://t.co/JvUPrzEFVx",97,nytimes
497,0.0,Tue Mar 06 17:40:06 +0000 2018,1.0,0.0,0.0,RT @cliffordlevy: .@nytimes put out a call for contributors because we wanted to elevate the voices of college students and recent graduate‚Ä¶,98,nytimes
498,-0.2732,Tue Mar 06 17:30:21 +0000 2018,0.9,0.1,0.0,"Forecasters warned up to a foot of snow could fall in parts of New York, New Jersey, Connecticut and Massachusetts https://t.co/AYbdk58zDE",99,nytimes
499,0.0,Tue Mar 06 17:20:11 +0000 2018,1.0,0.0,0.0,"RT @NYTArchives: A look back at our film review of ""The Big Lebowski"" which published on this day 20 years ago. https://t.co/wy3gpv6ACJ htt‚Ä¶",100,nytimes
